Protein_Order,Protein,Unique_Peptide_Number,Spectrum_Number
,Spectrum_Order,Title,Charge,Precursor_Mass,Peptide,Peptide_Mass,Modifications,Evalue,Score,Precursor_Mass_Error(Da),Precursor_Mass_Error(ppm),Alpha_Evalue,Beta_Evalue
1,Spc97-yeast(777),3,5
,1,Q_2013_1010_RJ_07.28854.28854.3,3,1866.955447,KCLINFTQELSTEK(1),1866.951654,Carbamidomethyl[C](2),6.530692e-032,1.369665e-009,0.003793,2.031654,1.000000e+000,1.000000e+000
,2,Q_2013_1010_RJ_07.28912.28912.3,3,1866.954448,KCLINFTQELSTEK(1),1866.951654,Carbamidomethyl[C](2),2.718320e-024,5.458536e-008,0.002794,1.496557,1.000000e+000,1.000000e+000
,3,Q_2013_1010_RJ_07.32505.32505.3,3,3626.722266,KCLINFTQELSTEKFDFYDSSSVDAAGIER(1),3626.720521,Carbamidomethyl[C](2),3.956072e-044,1.777656e-007,0.001745,0.481151,1.000000e+000,1.000000e+000
,4,Q_2013_1010_RJ_07.31502.31502.3,3,3626.725447,KCLINFTQELSTEKFDFYDSSSVDAAGIER(1),3626.720521,Carbamidomethyl[C](2),2.846402e-021,8.588310e-006,0.004926,1.358252,1.000000e+000,1.000000e+000
,5,Q_2013_1010_RJ_07.29110.29110.5,5,3360.720894,LIEYISNASSIFRKCLINFTQELSTEK(14),3360.739413,Carbamidomethyl[C](15),3.085074e-007,2.612639e-001,-0.018519,-5.510395,1.000000e+000,1.000000e+000
2,His-TEV-Tub4-yeast(60),3,10
SameSet,His-TEV-Tub4-yeast-random(61),3,10
,1,Q_2013_1010_RJ_07.30267.30267.3,3,3142.573414,FLWSQLAKEHAIGTDGLSQLPDSSTER(8),3142.568989,null,6.933587e-022,5.113576e-004,0.004425,1.408084,1.000000e+000,1.000000e+000
,2,Q_2013_1010_RJ_07.29089.29089.3,3,3142.585447,FLWSQLAKEHAIGTDGLSQLPDSSTER(8),3142.568989,null,1.506092e-017,1.735695e-003,0.016458,5.237117,1.000000e+000,1.000000e+000
,3,Q_2013_1010_RJ_07.28979.28979.7,7,4264.096341,FLWSQLAKEHAIGTDGLSQLPDSSTERDDDTKPFFR(8),4264.083113,null,8.556292e-034,3.257151e-003,0.013228,3.102191,1.000000e+000,1.000000e+000
,4,Q_2013_1010_RJ_07.28965.28965.6,6,4264.083618,FLWSQLAKEHAIGTDGLSQLPDSSTERDDDTKPFFR(8),4264.083113,null,2.663329e-027,1.946043e-002,0.000505,0.118431,1.000000e+000,1.000000e+000
,5,Q_2013_1010_RJ_07.29754.29754.5,5,4264.070894,FLWSQLAKEHAIGTDGLSQLPDSSTERDDDTKPFFR(8),4264.083113,null,1.237977e-016,2.088578e-002,-0.012219,-2.865563,1.000000e+000,1.000000e+000
,6,Q_2013_1010_RJ_07.29336.29336.5,5,4264.120894,FLWSQLAKEHAIGTDGLSQLPDSSTERDDDTKPFFR(8),4264.083113,null,1.623584e-026,2.684066e-002,0.037781,8.860287,1.000000e+000,1.000000e+000
,7,Q_2013_1010_RJ_07.28994.28994.3,3,4264.105447,FLWSQLAKEHAIGTDGLSQLPDSSTERDDDTKPFFR(8),4264.083113,null,7.684066e-034,7.442936e-002,0.022334,5.237703,1.000000e+000,1.000000e+000
,8,Q_2013_1010_RJ_07.29081.29081.5,5,4264.120894,FLWSQLAKEHAIGTDGLSQLPDSSTERDDDTKPFFR(8),4264.083113,null,1.307949e-015,7.907950e-002,0.037781,8.860287,1.000000e+000,1.000000e+000
,9,Q_2013_1010_RJ_07.29878.29878.5,5,4264.085918,FLWSQLAKEHAIGTDGLSQLPDSSTERDDDTKPFFR(8),4264.083113,null,1.602887e-017,3.392666e-001,0.002805,0.657820,1.000000e+000,1.000000e+000
,10,Q_2013_1010_RJ_07.27966.27966.4,4,3716.818171,FLWSQLAKEHAIGTDGLSQLPDSSTERDDDTK(8),3716.792434,null,7.076483e-020,7.034250e-002,0.025737,6.924519,1.000000e+000,1.000000e+000
3,His-TEV-Tub4-yeast(158),3,5
SameSet,His-TEV-Tub4-yeast-random(159),3,5
,1,Q_2013_1010_RJ_07.35935.35935.3,3,4292.095447,IDKEIDSTDNFEGFQLLHSVAGGTGSGLGSNLLEALCDR(3),4292.066138,Carbamidomethyl[C](37),1.596422e-017,2.563999e-003,0.029309,6.828646,1.000000e+000,1.000000e+000
,2,Q_2013_1010_RJ_07.35084.35084.4,4,4292.098171,IDKEIDSTDNFEGFQLLHSVAGGTGSGLGSNLLEALCDR(3),4292.066138,Carbamidomethyl[C](37),6.893364e-013,1.098966e-002,0.032033,7.463305,1.000000e+000,1.000000e+000
,3,Q_2013_1010_RJ_07.35029.35029.5,5,4680.285248,IDKEIDSTDNFEGFQLLHSVAGGTGSGLGSNLLEALCDRYPK(3),4680.277176,Carbamidomethyl[C](37),3.867418e-022,3.536081e-002,0.008072,1.724684,1.000000e+000,1.000000e+000
,4,Q_2013_1010_RJ_07.34776.34776.4,4,4680.298171,IDKEIDSTDNFEGFQLLHSVAGGTGSGLGSNLLEALCDRYPK(3),4680.277176,Carbamidomethyl[C](37),4.949993e-012,2.300569e-001,0.020995,4.485845,1.000000e+000,1.000000e+000
,5,Q_2013_1010_RJ_07.38102.38102.6,6,5620.743618,NQDDILNKIDKEIDSTDNFEGFQLLHSVAGGTGSGLGSNLLEALCDRYPK(11),5620.738540,Carbamidomethyl[C](45),2.698590e-025,4.715914e-002,0.005078,0.903440,1.000000e+000,1.000000e+000
4,Spc98-yeast(831),2,4
,1,Q_2013_1010_RJ_07.30021.30021.3,3,1962.987345,ADLKNDGDEELFLLSK(4),1962.990539,null,7.077806e-020,1.277942e-010,-0.003194,-1.627109,1.000000e+000,1.000000e+000
,2,Q_2013_1010_RJ_07.30089.30089.3,3,1962.985447,ADLKNDGDEELFLLSK(4),1962.990539,null,6.629166e-017,3.383786e-007,-0.005092,-2.594001,1.000000e+000,1.000000e+000
,3,Q_2013_1010_RJ_07.30855.30855.3,3,2655.396480,LYIFRADLKNDGDEELFLLSK(9),2655.391489,null,1.456522e-028,2.781798e-005,0.004991,1.879572,1.000000e+000,1.000000e+000
,4,Q_2013_1010_RJ_07.30911.30911.4,4,2655.378171,LYIFRADLKNDGDEELFLLSK(9),2655.391489,null,1.486977e-013,1.455527e-002,-0.013318,-5.015456,1.000000e+000,1.000000e+000
5,Spc98-yeast(107),2,6
,1,Q_2013_1010_RJ_07.25291.25291.4,4,2842.485592,IVQKSSGLNMENLANHEHLLSPVR(4),2842.487851,null,3.539272e-040,1.616157e-010,-0.002259,-0.794726,1.000000e+000,1.000000e+000
,2,Q_2013_1010_RJ_07.25352.25352.4,4,2842.490467,IVQKSSGLNMENLANHEHLLSPVR(4),2842.487851,null,2.387310e-032,5.816222e-010,0.002616,0.920321,1.000000e+000,1.000000e+000
,3,Q_2013_1010_RJ_07.25289.25289.3,3,2842.495447,IVQKSSGLNMENLANHEHLLSPVR(4),2842.487851,null,4.577295e-026,1.120202e-006,0.007596,2.672307,1.000000e+000,1.000000e+000
,4,Q_2013_1010_RJ_07.25353.25353.3,3,2842.490492,IVQKSSGLNMENLANHEHLLSPVR(4),2842.487851,null,1.073459e-026,1.186027e-006,0.002641,0.929116,1.000000e+000,1.000000e+000
,5,Q_2013_1010_RJ_07.22367.22367.4,4,3041.618171,AKIVQKSSGLNMENLANHEHLLSPVR(6),3041.619917,null,1.345010e-018,2.325087e-003,-0.001746,-0.574036,1.000000e+000,1.000000e+000
,6,Q_2013_1010_RJ_07.22291.22291.5,5,3041.623132,AKIVQKSSGLNMENLANHEHLLSPVR(6),3041.619917,null,6.755970e-007,1.946428e-001,0.003215,1.057003,1.000000e+000,1.000000e+000
6,Spc97-yeast(727),2,3
,1,Q_2013_1010_RJ_07.23864.23864.3,3,1798.945447,LCQLDPVLYEKHK(11),1798.940700,Carbamidomethyl[C](2),8.874766e-017,1.772101e-009,0.004747,2.638775,1.000000e+000,1.000000e+000
,2,Q_2013_1010_RJ_07.23803.23803.3,3,1798.945447,LCQLDPVLYEKHK(11),1798.940700,Carbamidomethyl[C](2),1.208848e-015,3.315359e-009,0.004747,2.638775,1.000000e+000,1.000000e+000
,3,Q_2013_1010_RJ_07.21005.21005.3,3,1998.085447,AKLCQLDPVLYEKHK(13),1998.072766,Carbamidomethyl[C](4),4.758288e-014,7.832461e-004,0.012681,6.346616,1.000000e+000,1.000000e+000
7,Spc97-yeast(537),2,6
,1,Q_2013_1010_RJ_07.30617.30617.3,3,1835.921123,NMNAILFDELSKER(12),1835.920691,null,1.894040e-026,2.220352e-009,0.000432,0.235304,1.000000e+000,1.000000e+000
,2,Q_2013_1010_RJ_07.30556.30556.3,3,1835.920939,NMNAILFDELSKER(12),1835.920691,null,1.425672e-025,5.029728e-009,0.000248,0.135082,1.000000e+000,1.000000e+000
,3,Q_2013_1010_RJ_07.30688.30688.3,3,1835.905447,NMNAILFDELSKER(12),1835.920691,null,1.529467e-011,1.159372e-002,-0.015244,-8.303191,1.000000e+000,1.000000e+000
,4,Q_2013_1010_RJ_07.27738.27738.5,5,3467.731745,NMNAILFDELSKERTGAYHGSNLELYTPK(12),3467.714987,null,3.960192e-017,1.840620e-002,0.016758,4.832577,1.000000e+000,1.000000e+000
,5,Q_2013_1010_RJ_07.27797.27797.5,5,3467.716176,NMNAILFDELSKERTGAYHGSNLELYTPK(12),3467.714987,null,1.287655e-013,4.118634e-002,0.001189,0.342877,1.000000e+000,1.000000e+000
,6,Q_2013_1010_RJ_07.27798.27798.4,4,3467.716550,NMNAILFDELSKERTGAYHGSNLELYTPK(12),3467.714987,null,6.602674e-011,2.324729e-001,0.001563,0.450729,1.000000e+000,1.000000e+000
8,Spc98-yeast(511),2,4
,1,Q_2013_1010_RJ_07.27332.27332.3,3,2245.170934,ANDILATPSDSLPNYKLTR(16),2245.170948,null,2.497445e-023,2.759821e-009,-0.000014,-0.006236,1.000000e+000,1.000000e+000
,2,Q_2013_1010_RJ_07.27391.27391.3,3,2245.173567,ANDILATPSDSLPNYKLTR(16),2245.170948,null,6.275349e-024,3.950989e-009,0.002619,1.166504,1.000000e+000,1.000000e+000
,3,Q_2013_1010_RJ_07.38037.38037.4,4,3394.738171,SDFMDALIEKANDILATPSDSLPNYKLTR(26),3394.708506,null,4.048509e-010,1.112763e-001,0.029665,8.738600,1.000000e+000,1.000000e+000
,4,Q_2013_1010_RJ_07.37962.37962.3,3,3394.735447,SDFMDALIEKANDILATPSDSLPNYKLTR(26),3394.708506,null,1.689525e-014,1.157630e-001,0.026941,7.936175,1.000000e+000,1.000000e+000
9,Spc97-yeast(45),2,3
,1,Q_2013_1010_RJ_07.25982.25982.3,3,1633.843975,SFSLEKISAPDQR(6),1633.843102,null,5.747527e-014,1.098978e-008,0.000873,0.534323,1.000000e+000,1.000000e+000
,2,Q_2013_1010_RJ_07.25921.25921.3,3,1633.855447,SFSLEKISAPDQR(6),1633.843102,null,6.083284e-015,1.410128e-008,0.012345,7.555805,1.000000e+000,1.000000e+000
,3,Q_2013_1010_RJ_07.22726.22726.3,3,1875.025447,LKSFSLEKISAPDQR(8),1875.022115,null,3.495241e-009,2.220513e-004,0.003332,1.777046,1.000000e+000,1.000000e+000
10,Spc97-yeast(103),2,3
,1,Q_2013_1010_RJ_07.22228.22228.3,3,1499.756934,KMDPSFKTFSR(7),1499.756209,null,1.184578e-013,1.222846e-008,0.000725,0.483412,1.000000e+000,1.000000e+000
,2,Q_2013_1010_RJ_07.22166.22166.3,3,1499.755447,KMDPSFKTFSR(7),1499.756209,null,1.213220e-011,1.104724e-007,-0.000762,-0.508083,1.000000e+000,1.000000e+000
,3,Q_2013_1010_RJ_07.19175.19175.3,3,1811.965447,IAKKMDPSFKTFSR(10),1811.972333,null,1.433508e-005,3.132530e-001,-0.006886,-3.800279,1.000000e+000,1.000000e+000
11,Spc98-yeast(843),2,2
,1,Q_2013_1010_RJ_07.32605.32605.3,3,1891.966825,NDGDEELFLLSKSLR(12),1891.964661,null,1.759451e-031,2.372587e-008,0.002164,1.143785,1.000000e+000,1.000000e+000
,2,Q_2013_1010_RJ_07.30058.30058.4,4,2319.218171,ADLKNDGDEELFLLSKSLR(16),2319.207724,null,9.957844e-012,2.630852e-006,0.010447,4.504556,1.000000e+000,1.000000e+000
12,Spc97-yeast(221),2,3
,1,Q_2013_1010_RJ_07.31243.31243.4,4,3115.375157,TNQSSQEDFNNFMDSMKNESSLHLR(17),3115.373013,null,1.076043e-023,3.057799e-007,0.002144,0.688200,1.000000e+000,1.000000e+000
,2,Q_2013_1010_RJ_07.29943.29943.4,4,3115.378171,TNQSSQEDFNNFMDSMKNESSLHLR(17),3115.373013,null,7.715908e-021,3.942386e-005,0.005158,1.655660,1.000000e+000,1.000000e+000
,3,Q_2013_1010_RJ_07.28251.28251.4,4,3271.498171,RTNQSSQEDFNNFMDSMKNESSLHLR(18),3271.474115,null,1.260660e-027,1.168954e-006,0.024056,7.353260,1.000000e+000,1.000000e+000
13,Spc98-yeast(674),2,2
,1,Q_2013_1010_RJ_07.24040.24040.3,3,1748.886956,TENKSQNQFDLIR(4),1748.881272,null,4.936633e-019,7.973271e-007,0.005684,3.250078,1.000000e+000,1.000000e+000
,2,Q_2013_1010_RJ_07.18765.18765.3,3,2274.223046,KLQRTENKSQNQFDLIR(8),2274.219959,null,9.993617e-017,3.099976e-005,0.003087,1.357388,1.000000e+000,1.000000e+000
14,His-TEV-Tub4-yeast(370),2,3
SameSet,His-TEV-Tub4-yeast-random(371),2,3
,1,Q_2013_1010_RJ_07.24529.24529.4,4,3029.583190,AMTKLQQRIKFPSWSSSAMHVNIGR(4),3029.581033,null,1.270258e-028,1.146036e-006,0.002157,0.711980,1.000000e+000,1.000000e+000
,2,Q_2013_1010_RJ_07.24532.24532.3,3,3029.582802,AMTKLQQRIKFPSWSSSAMHVNIGR(4),3029.581033,null,7.541777e-038,2.906378e-006,0.001769,0.583909,1.000000e+000,1.000000e+000
,3,Q_2013_1010_RJ_07.15315.15315.4,4,1615.895320,QISRAMTKLQQR(8),1615.894756,null,2.747283e-004,1.655444e-001,0.000564,0.349033,1.000000e+000,1.000000e+000
15,His-TEV-Tub4-yeast(197),2,5
SameSet,His-TEV-Tub4-yeast-random(198),2,5
,1,Q_2013_1010_RJ_07.35028.35028.4,4,4452.168906,EIDSTDNFEGFQLLHSVAGGTGSGLGSNLLEALCDRYPKK(39),4452.166180,Carbamidomethyl[C](34),7.556258e-041,5.384647e-004,0.002726,0.612286,1.000000e+000,1.000000e+000
,2,Q_2013_1010_RJ_07.33934.33934.5,5,4808.376514,IDKEIDSTDNFEGFQLLHSVAGGTGSGLGSNLLEALCDRYPKK(42),4808.372132,Carbamidomethyl[C](37),1.553534e-025,1.822353e-002,0.004382,0.911327,1.000000e+000,1.000000e+000
,3,Q_2013_1010_RJ_07.33250.33250.4,4,4808.378171,IDKEIDSTDNFEGFQLLHSVAGGTGSGLGSNLLEALCDRYPKK(42),4808.372132,Carbamidomethyl[C](37),2.454446e-011,2.129072e-001,0.006039,1.255934,1.000000e+000,1.000000e+000
,4,Q_2013_1010_RJ_07.33223.33223.5,5,4808.370894,IDKEIDSTDNFEGFQLLHSVAGGTGSGLGSNLLEALCDRYPKK(42),4808.372132,Carbamidomethyl[C](37),1.987735e-013,2.234020e-001,-0.001238,-0.257468,1.000000e+000,1.000000e+000
,5,Q_2013_1010_RJ_07.33281.33281.7,7,4808.416341,IDKEIDSTDNFEGFQLLHSVAGGTGSGLGSNLLEALCDRYPKK(42),4808.372132,Carbamidomethyl[C](37),2.369263e-008,2.531107e-001,0.044209,9.194172,1.000000e+000,1.000000e+000
16,Spc97-yeast(734),2,2
,1,Q_2013_1010_RJ_07.23148.23148.5,5,3166.572216,LCQLDPVLYEKHKSGMMKTLNEGYR(18),3166.573226,Carbamidomethyl[C](2),1.987198e-017,1.684013e-003,-0.001010,-0.318957,1.000000e+000,1.000000e+000
,2,Q_2013_1010_RJ_07.18078.18078.3,3,1807.885447,HKSGMMKTLNEGYR(7),1807.882866,null,2.688058e-007,1.370128e-002,0.002581,1.427637,1.000000e+000,1.000000e+000
17,Spc98-yeast(820),2,2
,1,Q_2013_1010_RJ_07.20670.20670.3,3,1955.065447,NFKDRLYIFRADLK(3),1955.074818,null,1.168148e-002,7.179554e-001,-0.009371,-4.793167,1.000000e+000,1.000000e+000
,2,Q_2013_1010_RJ_07.25950.25950.4,4,2400.258171,FNTNLKEIVSQYKNFKDR(16),2400.255675,null,1.857608e-005,7.784403e-001,0.002496,1.039889,1.000000e+000,1.000000e+000
18,His-TEV-Tub4-yeast(376),1,5
SameSet,His-TEV-Tub4-yeast-random(377),1,5
,1,Q_2013_1010_RJ_07.27847.27847.3,3,2073.061210,IKFPSWSSSAMHVNIGR(2),2073.058511,null,4.012812e-035,6.507180e-013,0.002699,1.301941,1.000000e+000,1.000000e+000
,2,Q_2013_1010_RJ_07.27785.27785.3,3,2073.062340,IKFPSWSSSAMHVNIGR(2),2073.058511,null,1.160211e-027,6.927653e-012,0.003829,1.847029,1.000000e+000,1.000000e+000
,3,Q_2013_1010_RJ_07.24261.24261.3,3,2089.075447,IKFPSWSSSAMHVNIGR(2),2089.053426,Oxidation[M](11),1.405892e-007,1.666283e-007,0.022021,10.541138,1.000000e+000,1.000000e+000
,4,Q_2013_1010_RJ_07.21959.21959.3,3,2073.080083,IKFPSWSSSAMHVNIGR(2),2073.058511,null,5.526616e-013,2.179300e-005,0.021572,10.405881,1.000000e+000,1.000000e+000
,5,Q_2013_1010_RJ_07.25774.25774.4,4,2073.058171,IKFPSWSSSAMHVNIGR(2),2073.058511,null,3.125653e-013,7.435762e-005,-0.000340,-0.164009,1.000000e+000,1.000000e+000
19,Spc97-yeast(635),1,4
,1,Q_2013_1010_RJ_07.19235.19235.3,3,1493.829936,VLHAKMNHFIK(5),1493.829646,null,9.394227e-018,9.418926e-012,0.000290,0.194132,1.000000e+000,1.000000e+000
,2,Q_2013_1010_RJ_07.19184.19184.3,3,1493.830859,VLHAKMNHFIK(5),1493.829646,null,2.599670e-017,5.316611e-011,0.001213,0.812007,1.000000e+000,1.000000e+000
,3,Q_2013_1010_RJ_07.24303.24303.3,3,1493.829607,VLHAKMNHFIK(5),1493.829646,null,1.699643e-010,2.460786e-008,-0.000039,-0.026107,1.000000e+000,1.000000e+000
,4,Q_2013_1010_RJ_07.17285.17285.3,3,1493.845447,VLHAKMNHFIK(5),1493.829646,null,1.217366e-009,4.705012e-005,0.015801,10.577511,1.000000e+000,1.000000e+000
20,Spc97-yeast(448),1,1
,1,Q_2013_1010_RJ_07.19087.19087.3,3,1404.691971,NMGELTKHYR(7),1404.693946,null,1.542586e-018,2.644907e-011,-0.001975,-1.406000,1.000000e+000,1.000000e+000
21,Spc97-yeast(608),1,1
,1,Q_2013_1010_RJ_07.31860.31860.3,3,2133.058260,LLDETWMDLNKTPSWK(11),2133.057173,null,2.876792e-019,8.890080e-011,0.001087,0.509597,1.000000e+000,1.000000e+000
22,Spc98-yeast(68),1,2
,1,Q_2013_1010_RJ_07.28578.28578.3,3,2312.185447,LQSLDSPETTIMWHKIEK(15),2312.184154,null,3.660899e-015,1.291173e-010,0.001293,0.559212,1.000000e+000,1.000000e+000
,2,Q_2013_1010_RJ_07.28639.28639.3,3,2312.185888,LQSLDSPETTIMWHKIEK(15),2312.184154,null,2.317780e-018,1.647651e-010,0.001734,0.749940,1.000000e+000,1.000000e+000
23,Spc98-yeast(71),1,1
,1,Q_2013_1010_RJ_07.38057.38057.3,3,2353.202354,IEKFLDALFGIQNTDDMVK(3),2353.199468,null,2.573144e-035,2.103391e-010,0.002886,1.226415,1.000000e+000,1.000000e+000
24,Spc97-yeast(346),1,2
,1,Q_2013_1010_RJ_07.31599.31599.3,3,2169.025447,DCDSEEDKNLLFKMLR(13),2169.020132,Carbamidomethyl[C](2),2.924945e-039,2.644947e-010,0.005315,2.450415,1.000000e+000,1.000000e+000
,2,Q_2013_1010_RJ_07.31660.31660.3,3,2169.021519,DCDSEEDKNLLFKMLR(13),2169.020132,Carbamidomethyl[C](2),3.116325e-034,4.409454e-010,0.001387,0.639459,1.000000e+000,1.000000e+000
25,Spc97-yeast(716),1,1
,1,Q_2013_1010_RJ_07.27141.27141.3,3,1732.920170,AKLCQLDPVLYEK(2),1732.918904,Carbamidomethyl[C](4),9.543647e-023,2.921949e-010,0.001266,0.730559,1.000000e+000,1.000000e+000
26,Spc97-yeast(790),1,5
,1,Q_2013_1010_RJ_07.37067.37067.3,3,3498.628868,CLINFTQELSTEKFDFYDSSSVDAAGIER(13),3498.625566,Carbamidomethyl[C](1),4.196787e-036,2.057241e-009,0.003302,0.943799,1.000000e+000,1.000000e+000
,2,Q_2013_1010_RJ_07.37129.37129.3,3,3498.628982,CLINFTQELSTEKFDFYDSSSVDAAGIER(13),3498.625566,Carbamidomethyl[C](1),4.270676e-035,5.410091e-009,0.003416,0.976383,1.000000e+000,1.000000e+000
,3,Q_2013_1010_RJ_07.35510.35510.3,3,3498.655447,CLINFTQELSTEKFDFYDSSSVDAAGIER(13),3498.625566,Carbamidomethyl[C](1),1.353719e-033,1.513002e-007,0.029881,8.540782,1.000000e+000,1.000000e+000
,4,Q_2013_1010_RJ_07.35469.35469.4,4,3498.658171,CLINFTQELSTEKFDFYDSSSVDAAGIER(13),3498.625566,Carbamidomethyl[C](1),3.164586e-028,9.685159e-007,0.032605,9.319374,1.000000e+000,1.000000e+000
,5,Q_2013_1010_RJ_07.35788.35788.3,3,3498.655447,CLINFTQELSTEKFDFYDSSSVDAAGIER(13),3498.625566,Carbamidomethyl[C](1),8.154402e-010,6.768999e-004,0.029881,8.540782,1.000000e+000,1.000000e+000
27,Spc97-yeast(581),1,1
,1,Q_2013_1010_RJ_07.29741.29741.3,3,1594.870360,TCMIKYQIILR(5),1594.869456,Carbamidomethyl[C](2),1.918579e-025,2.955199e-009,0.000904,0.566818,1.000000e+000,1.000000e+000
28,Spc97-yeast(554),1,4
,1,Q_2013_1010_RJ_07.26051.26051.4,4,2619.344943,TGAYHGSNLELYTPKSAIYHLK(15),2619.345210,null,4.987561e-028,7.011599e-009,-0.000267,-0.101934,1.000000e+000,1.000000e+000
,2,Q_2013_1010_RJ_07.26113.26113.4,4,2619.347537,TGAYHGSNLELYTPKSAIYHLK(15),2619.345210,null,4.654716e-029,1.097989e-008,0.002327,0.888390,1.000000e+000,1.000000e+000
,3,Q_2013_1010_RJ_07.26121.26121.3,3,2619.347326,TGAYHGSNLELYTPKSAIYHLK(15),2619.345210,null,2.535576e-026,4.407886e-007,0.002116,0.807835,1.000000e+000,1.000000e+000
,4,Q_2013_1010_RJ_07.24635.24635.3,3,2619.355447,TGAYHGSNLELYTPKSAIYHLK(15),2619.345210,null,1.071694e-029,4.922939e-006,0.010237,3.908229,1.000000e+000,1.000000e+000
29,His-TEV-Tub4-yeast(248),1,3
SameSet,His-TEV-Tub4-yeast-random(249),1,3
,1,Q_2013_1010_RJ_07.36830.36830.3,3,2879.507623,LIEDSDATVVFDNASLLNISGKVFR(22),2879.503546,null,6.266753e-032,8.046730e-009,0.004077,1.415869,1.000000e+000,1.000000e+000
,2,Q_2013_1010_RJ_07.36956.36956.3,3,2879.509502,LIEDSDATVVFDNASLLNISGKVFR(22),2879.503546,null,9.182428e-020,1.298244e-005,0.005956,2.068412,1.000000e+000,1.000000e+000
,3,Q_2013_1010_RJ_07.35820.35820.3,3,2879.515447,LIEDSDATVVFDNASLLNISGKVFR(22),2879.503546,null,7.604065e-006,1.556536e-001,0.011901,4.133004,1.000000e+000,1.000000e+000
30,Spc98-yeast(407),1,1
,1,Q_2013_1010_RJ_07.34886.34886.3,3,1744.975447,IFMIGKSYIFLEK(6),1744.959314,null,6.427784e-010,1.088914e-008,0.016133,9.245488,1.000000e+000,1.000000e+000
31,Spc98-yeast(712),1,1
,1,Q_2013_1010_RJ_07.11438.11438.3,3,1582.843903,SSSSKPQKHAIEK(8),1582.843436,null,1.543010e-015,1.194086e-008,0.000467,0.295039,1.000000e+000,1.000000e+000
32,Spc98-yeast(804),1,2
,1,Q_2013_1010_RJ_07.28100.28100.3,3,2486.234243,MNLNDHEASNGLLGKFNTNLK(15),2486.234283,null,1.281338e-036,3.717609e-008,-0.000040,-0.016089,1.000000e+000,1.000000e+000
,2,Q_2013_1010_RJ_07.26391.26391.4,4,2486.258171,MNLNDHEASNGLLGKFNTNLK(15),2486.234283,null,5.296358e-006,3.204793e-002,0.023888,9.608105,1.000000e+000,1.000000e+000
33,Spc98-yeast(717),1,4
,1,Q_2013_1010_RJ_07.31963.31963.4,4,3272.721060,HAIEKTLNIDELESVHNTFLTNILSHK(5),3272.715979,null,2.904890e-039,4.617164e-008,0.005081,1.552533,1.000000e+000,1.000000e+000
,2,Q_2013_1010_RJ_07.32032.32032.5,5,3272.720894,HAIEKTLNIDELESVHNTFLTNILSHK(5),3272.715979,null,3.226707e-019,1.404442e-004,0.004915,1.501811,1.000000e+000,1.000000e+000
,3,Q_2013_1010_RJ_07.31084.31084.3,3,3272.725447,HAIEKTLNIDELESVHNTFLTNILSHK(5),3272.715979,null,3.493360e-035,1.174110e-003,0.009468,2.893010,1.000000e+000,1.000000e+000
,4,Q_2013_1010_RJ_07.31055.31055.4,4,3272.738171,HAIEKTLNIDELESVHNTFLTNILSHK(5),3272.715979,null,1.389868e-021,1.888165e-003,0.022192,6.780912,1.000000e+000,1.000000e+000
34,Spc97-yeast(125),1,2
,1,Q_2013_1010_RJ_07.30755.30755.3,3,2074.015447,AYEKWSDTSFGMVLQR(4),2073.994911,null,2.985728e-021,6.331142e-008,0.020536,9.901664,1.000000e+000,1.000000e+000
,2,Q_2013_1010_RJ_07.30814.30814.3,3,2074.000498,AYEKWSDTSFGMVLQR(4),2073.994911,null,2.573192e-020,1.085816e-004,0.005587,2.693835,1.000000e+000,1.000000e+000
35,Spc98-yeast(428),1,2
,1,Q_2013_1010_RJ_07.19457.19457.3,3,1713.865447,KYHVLYQSNSYR(1),1713.859420,null,1.013762e-018,9.432684e-008,0.006027,3.516624,1.000000e+000,1.000000e+000
,2,Q_2013_1010_RJ_07.19517.19517.3,3,1713.856291,KYHVLYQSNSYR(1),1713.859420,null,1.272737e-013,3.281146e-005,-0.003129,-1.825704,1.000000e+000,1.000000e+000
36,Spc97-yeast(24),1,9
,1,Q_2013_1010_RJ_07.32152.32152.4,4,2803.538171,YTNNIPLLGKLVNHQPLWSTNPK(10),2803.513995,null,2.669819e-026,1.136775e-007,0.024176,8.623463,1.000000e+000,1.000000e+000
,2,Q_2013_1010_RJ_07.33465.33465.3,3,2803.515332,YTNNIPLLGKLVNHQPLWSTNPK(10),2803.513995,null,6.820224e-021,1.572860e-007,0.001337,0.476901,1.000000e+000,1.000000e+000
,3,Q_2013_1010_RJ_07.33343.33343.3,3,2803.515894,YTNNIPLLGKLVNHQPLWSTNPK(10),2803.513995,null,6.128669e-021,2.098862e-007,0.001899,0.677364,1.000000e+000,1.000000e+000
,4,Q_2013_1010_RJ_07.32275.32275.4,4,2803.538171,YTNNIPLLGKLVNHQPLWSTNPK(10),2803.513995,null,6.826961e-022,2.303882e-007,0.024176,8.623463,1.000000e+000,1.000000e+000
,5,Q_2013_1010_RJ_07.33529.33529.3,3,2803.513816,YTNNIPLLGKLVNHQPLWSTNPK(10),2803.513995,null,2.277517e-021,3.163868e-007,-0.000179,-0.063848,1.000000e+000,1.000000e+000
,6,Q_2013_1010_RJ_07.32088.32088.4,4,2803.538171,YTNNIPLLGKLVNHQPLWSTNPK(10),2803.513995,null,1.537364e-018,3.308872e-006,0.024176,8.623463,1.000000e+000,1.000000e+000
,7,Q_2013_1010_RJ_07.33403.33403.3,3,2803.516235,YTNNIPLLGKLVNHQPLWSTNPK(10),2803.513995,null,8.837110e-021,5.469051e-006,0.002240,0.798997,1.000000e+000,1.000000e+000
,8,Q_2013_1010_RJ_07.32358.32358.3,3,2803.525447,YTNNIPLLGKLVNHQPLWSTNPK(10),2803.513995,null,7.951214e-016,4.102022e-004,0.011452,4.084873,1.000000e+000,1.000000e+000
,9,Q_2013_1010_RJ_07.31929.31929.3,3,2803.525447,YTNNIPLLGKLVNHQPLWSTNPK(10),2803.513995,null,1.189665e-016,1.643766e-003,0.011452,4.084873,1.000000e+000,1.000000e+000
37,Spc98-yeast(704),1,1
,1,Q_2013_1010_RJ_07.15495.15495.3,3,1645.900596,AEVLTKSSSSKPQK(6),1645.900612,null,2.964106e-012,1.701645e-007,-0.000016,-0.009721,1.000000e+000,1.000000e+000
38,Spc97-yeast(341),1,1
,1,Q_2013_1010_RJ_07.27023.27023.3,3,1768.794282,DCDSEEDKNLLFK(8),1768.794493,Carbamidomethyl[C](2),3.303814e-019,2.009921e-007,-0.000211,-0.119290,1.000000e+000,1.000000e+000
39,Spc97-yeast(661),1,1
,1,Q_2013_1010_RJ_07.34134.34134.4,4,3098.489822,TIMEYFNQNVIDKEVYSLEKCYR(20),3098.484796,Carbamidomethyl[C](21),3.921761e-021,3.182590e-007,0.005026,1.622083,1.000000e+000,1.000000e+000
40,His-TEV-Tub4-yeast(433),1,6
SameSet,His-TEV-Tub4-yeast-random(434),1,6
,1,Q_2013_1010_RJ_07.39513.39513.3,3,3694.751399,VFAKGAFLNNYNVGDLFQSMQNVQDEFAESR(4),3694.748072,null,5.233659e-049,3.187049e-007,0.003327,0.900467,1.000000e+000,1.000000e+000
,2,Q_2013_1010_RJ_07.39514.39514.4,4,3694.754181,VFAKGAFLNNYNVGDLFQSMQNVQDEFAESR(4),3694.748072,null,1.322953e-037,1.742826e-005,0.006109,1.653428,1.000000e+000,1.000000e+000
,3,Q_2013_1010_RJ_07.38697.38697.3,3,3694.765447,VFAKGAFLNNYNVGDLFQSMQNVQDEFAESR(4),3694.748072,null,4.363568e-024,8.984812e-005,0.017375,4.702621,1.000000e+000,1.000000e+000
,4,Q_2013_1010_RJ_07.33650.33650.3,3,3710.755447,VFAKGAFLNNYNVGDLFQSMQNVQDEFAESR(4),3710.742986,Oxidation[M](20),7.444635e-028,5.823304e-004,0.012461,3.358088,1.000000e+000,1.000000e+000
,5,Q_2013_1010_RJ_07.38955.38955.4,4,3694.778171,VFAKGAFLNNYNVGDLFQSMQNVQDEFAESR(4),3694.748072,null,9.934040e-023,1.151865e-003,0.030099,8.146428,1.000000e+000,1.000000e+000
,6,Q_2013_1010_RJ_07.38888.38888.4,4,3694.778171,VFAKGAFLNNYNVGDLFQSMQNVQDEFAESR(4),3694.748072,null,5.616604e-018,1.321917e-002,0.030099,8.146428,1.000000e+000,1.000000e+000
41,Spc97-yeast(460),1,1
,1,Q_2013_1010_RJ_07.30563.30563.3,3,2366.130167,NDNNANYDKLLQNFELER(9),2366.125787,null,1.716436e-024,3.247207e-007,0.004380,1.851127,1.000000e+000,1.000000e+000
42,Spc98-yeast(698),1,1
,1,Q_2013_1010_RJ_07.31753.31753.3,3,2394.352125,LNNGTIELNGILTPKAEVLTK(15),2394.348901,null,9.439407e-018,1.341260e-006,0.003224,1.346504,1.000000e+000,1.000000e+000
43,Spc97-yeast(164),1,1
,1,Q_2013_1010_RJ_07.28154.28154.3,3,1492.779261,DFNKVPNFSIR(4),1492.779387,null,1.499825e-015,1.581239e-006,-0.000126,-0.084406,1.000000e+000,1.000000e+000
44,Spc98-yeast(647),1,1
,1,Q_2013_1010_RJ_07.35202.35202.4,4,3217.498171,TQFQQFNSKMESYYLNCIIEENFK(9),3217.485522,Carbamidomethyl[C](17),1.431224e-028,1.850968e-006,0.012649,3.931331,1.000000e+000,1.000000e+000
45,Spc98-yeast(495),1,1
,1,Q_2013_1010_RJ_07.40345.40345.4,4,3024.498171,SDFMDALIEKANDILATPSDSLPNYK(10),3024.475673,null,3.483078e-025,2.302990e-006,0.022498,7.438645,1.000000e+000,1.000000e+000
46,Spc97-yeast(654),1,1
,1,Q_2013_1010_RJ_07.29986.29986.4,4,2619.308674,TIMEYFNQNVIDKEVYSLEK(13),2619.289730,null,6.994777e-009,3.794705e-006,0.018944,7.232495,1.000000e+000,1.000000e+000
47,Spc98-yeast(40),1,1
,1,Q_2013_1010_RJ_07.28903.28903.3,3,2012.065447,SSTKSATQLGPLIDFYK(4),2012.058556,null,2.789336e-011,6.784250e-006,0.006891,3.424851,1.000000e+000,1.000000e+000
48,Spc98-yeast(667),1,3
,1,Q_2013_1010_RJ_07.18809.18809.4,4,2274.219185,KLQRTENKSQNQFDLIR(1),2274.219959,null,1.177889e-018,8.124648e-006,-0.000774,-0.340336,1.000000e+000,1.000000e+000
,2,Q_2013_1010_RJ_07.18750.18750.4,4,2274.217505,KLQRTENKSQNQFDLIR(1),2274.219959,null,4.785918e-016,8.539496e-006,-0.002454,-1.079051,1.000000e+000,1.000000e+000
,3,Q_2013_1010_RJ_07.18825.18825.3,3,2274.219705,KLQRTENKSQNQFDLIR(1),2274.219959,null,5.435288e-019,3.021626e-005,-0.000254,-0.111687,1.000000e+000,1.000000e+000
49,His-TEV-Tub4-yeast(198),1,1
SameSet,His-TEV-Tub4-yeast-random(199),1,1
,1,Q_2013_1010_RJ_07.27800.27800.3,3,1551.879786,KILTTYSVFPAR(1),1551.878034,null,8.917699e-013,1.019095e-005,0.001752,1.128955,1.000000e+000,1.000000e+000
50,Spc97-yeast(96),1,5
,1,Q_2013_1010_RJ_07.19283.19283.4,4,1811.972222,IAKKMDPSFKTFSR(3),1811.972333,null,9.356692e-013,1.248304e-004,-0.000111,-0.061259,1.000000e+000,1.000000e+000
,2,Q_2013_1010_RJ_07.19350.19350.4,4,1811.978171,IAKKMDPSFKTFSR(3),1811.972333,null,5.257541e-012,2.056790e-003,0.005838,3.221903,1.000000e+000,1.000000e+000
,3,Q_2013_1010_RJ_07.19220.19220.4,4,1811.975077,IAKKMDPSFKTFSR(3),1811.972333,null,1.908071e-011,1.453363e-002,0.002744,1.514372,1.000000e+000,1.000000e+000
,4,Q_2013_1010_RJ_07.19230.19230.3,3,1811.973341,IAKKMDPSFKTFSR(3),1811.972333,null,1.099596e-009,2.247878e-001,0.001008,0.556300,1.000000e+000,1.000000e+000
,5,Q_2013_1010_RJ_07.19289.19289.3,3,1811.972197,IAKKMDPSFKTFSR(3),1811.972333,null,5.441904e-008,3.693259e-001,-0.000136,-0.075056,1.000000e+000,1.000000e+000
51,Spc97-yeast(37),1,1
,1,Q_2013_1010_RJ_07.23249.23249.3,3,1931.073853,LVNHQPLWSTNPKLK(13),1931.074818,null,5.749645e-014,1.516384e-004,-0.000965,-0.499722,1.000000e+000,1.000000e+000
52,Spc98-yeast(53),1,2
,1,Q_2013_1010_RJ_07.36352.36352.3,3,3375.720418,SATQLGPLIDFYKLQSLDSPETTIMWHK(13),3375.717952,null,3.254082e-026,5.069151e-004,0.002466,0.730511,1.000000e+000,1.000000e+000
,2,Q_2013_1010_RJ_07.35420.35420.3,3,3375.745447,SATQLGPLIDFYKLQSLDSPETTIMWHK(13),3375.717952,null,5.121781e-019,7.947253e-003,0.027495,8.144934,1.000000e+000,1.000000e+000
53,Spc97-yeast(622),1,1
,1,Q_2013_1010_RJ_07.12968.12968.3,3,1422.745447,YRGYSHTVKR(9),1422.748758,null,4.791406e-011,1.418735e-003,-0.003311,-2.327185,1.000000e+000,1.000000e+000
54,His-TEV-Tub4-yeast(84),1,5
SameSet,His-TEV-Tub4-yeast-random(85),1,5
,1,Q_2013_1010_RJ_07.23031.23031.5,5,3290.570894,EHAIGTDGLSQLPDSSTERDDDTKPFFR(24),3290.544620,null,3.178434e-016,1.613185e-003,0.026274,7.984696,1.000000e+000,1.000000e+000
,2,Q_2013_1010_RJ_07.23030.23030.4,4,3290.578171,EHAIGTDGLSQLPDSSTERDDDTKPFFR(24),3290.544620,null,2.641106e-022,6.094109e-003,0.033551,10.196184,1.000000e+000,1.000000e+000
,3,Q_2013_1010_RJ_07.24110.24110.4,4,3290.578171,EHAIGTDGLSQLPDSSTERDDDTKPFFR(24),3290.544620,null,7.295838e-017,1.473841e-002,0.033551,10.196184,1.000000e+000,1.000000e+000
,4,Q_2013_1010_RJ_07.24164.24164.3,3,3290.575447,EHAIGTDGLSQLPDSSTERDDDTKPFFR(24),3290.544620,null,1.084212e-008,2.762555e-002,0.030827,9.368358,1.000000e+000,1.000000e+000
,5,Q_2013_1010_RJ_07.23089.23089.5,5,3290.570894,EHAIGTDGLSQLPDSSTERDDDTKPFFR(24),3290.544620,null,7.709532e-005,6.528105e-001,0.026274,7.984696,1.000000e+000,1.000000e+000
55,Spc98-yeast(602),1,1
,1,Q_2013_1010_RJ_07.21581.21581.3,3,1761.895447,KNNYFYQKEMLK(8),1761.887940,null,1.874904e-009,2.369641e-002,0.007507,4.260770,1.000000e+000,1.000000e+000
56,Spc97-yeast(711),1,1
,1,Q_2013_1010_RJ_07.20892.20892.3,3,1372.705447,FCKFIKSMR(6),1372.711512,Carbamidomethyl[C](2),1.611852e-006,1.287451e-001,-0.006065,-4.418263,1.000000e+000,1.000000e+000
57,Spc97-yeast(39),1,1
,1,Q_2013_1010_RJ_07.22253.22253.3,3,1875.025447,LKSFSLEKISAPDQR(2),1875.022115,null,1.238251e-007,4.228106e-001,0.003332,1.777046,1.000000e+000,1.000000e+000
