Peptide_Order,Peptide,Peptide_Mass,Modifications,Proteins,
,Spectrum_Order,Title,Charge,Precursor_Mass,Evalue,Score,Precursor_Mass_Error(Da),Precursor_Mass_Error(ppm),Alpha_Evalue,Beta_Evalue
1,ADLKNDGDEELFLLSKSLR(4)(16),2301.197160,null,Spc98-yeast(831)(843)/
,1,Q_2013_1010_RJ_07.33956.33956.3,3,2301.200975,2.250186e-011,5.319052e-007,0.003815,1.657833,1.000000e+000,1.000000e+000
,2,Q_2013_1010_RJ_07.33804.33804.4,4,2301.218171,7.138226e-011,1.427906e-006,0.021011,9.130465,1.000000e+000,1.000000e+000
,3,Q_2013_1010_RJ_07.33892.33892.3,3,2301.205447,2.838208e-013,3.641541e-006,0.008287,3.601169,1.000000e+000,1.000000e+000
,4,Q_2013_1010_RJ_07.33829.33829.3,3,2301.200932,1.237639e-012,5.111564e-006,0.003772,1.639147,1.000000e+000,1.000000e+000
,5,Q_2013_1010_RJ_07.33707.33707.3,3,2301.205447,2.422984e-013,5.562819e-006,0.008287,3.601169,1.000000e+000,1.000000e+000
,6,Q_2013_1010_RJ_07.33766.33766.3,3,2301.203893,1.910320e-013,9.275730e-006,0.006733,2.925868,1.000000e+000,1.000000e+000
,7,Q_2013_1010_RJ_07.34018.34018.3,3,2301.198889,5.365252e-008,5.053924e-005,0.001729,0.751348,1.000000e+000,1.000000e+000
2,AEVLTKSSSSKPQK(6)(11),1627.890049,null,Spc98-yeast(704)(709)/
,1,Q_2013_1010_RJ_07.16367.16367.3,3,1627.890902,5.823449e-009,2.069239e-008,0.000853,0.523991,1.000000e+000,1.000000e+000
,2,Q_2013_1010_RJ_07.16311.16311.3,3,1627.889091,1.655982e-008,3.844643e-008,-0.000958,-0.588492,1.000000e+000,1.000000e+000
,3,Q_2013_1010_RJ_07.15677.15677.3,3,1627.885447,1.195794e-009,3.093167e-007,-0.004602,-2.826972,1.000000e+000,1.000000e+000
,4,Q_2013_1010_RJ_07.16428.16428.3,3,1627.887006,1.041013e-009,1.053813e-005,-0.003043,-1.869291,1.000000e+000,1.000000e+000
,5,Q_2013_1010_RJ_07.14932.14932.3,3,1627.885447,2.380310e-006,3.847744e-005,-0.004602,-2.826972,1.000000e+000,1.000000e+000
,6,Q_2013_1010_RJ_07.15509.15509.3,3,1627.891129,4.072948e-008,1.091957e-004,0.001080,0.663435,1.000000e+000,1.000000e+000
3,AEVLTKSSSSKPQKHAIEK(11)(14),2206.207667,null,Spc98-yeast(709)(712)/
,1,Q_2013_1010_RJ_07.15466.15466.4,4,2206.205507,7.419250e-010,6.041758e-007,-0.002160,-0.979056,1.000000e+000,1.000000e+000
,2,Q_2013_1010_RJ_07.15417.15417.4,4,2206.218171,2.012419e-008,1.577291e-006,0.010504,4.761111,1.000000e+000,1.000000e+000
,3,Q_2013_1010_RJ_07.15474.15474.3,3,2206.206046,2.172265e-007,1.933842e-006,-0.001621,-0.734745,1.000000e+000,1.000000e+000
4,AKIVQKSSGLNMENLANHEHLLSPVR(2)(6),3023.609354,null,Spc98-yeast(103)(107)/
,1,Q_2013_1010_RJ_07.25603.25603.4,4,3023.613535,1.899748e-032,6.836007e-006,0.004181,1.382784,1.000000e+000,1.000000e+000
,2,Q_2013_1010_RJ_07.25657.25657.4,4,3023.615265,8.562944e-017,1.366740e-002,0.005911,1.954948,1.000000e+000,1.000000e+000
5,DCDSEEDKNLLFKMLR(8)(13),2151.009569,Carbamidomethyl[C](2),Spc97-yeast(341)(346)/
,1,Q_2013_1010_RJ_07.35364.35364.3,3,2150.995447,1.798782e-013,1.006329e-006,-0.014122,-6.565289,1.000000e+000,1.000000e+000
6,DVVFALKNILLMGKSDFMDALIEK(7)(14),2880.513582,Oxidation[M](12);Oxidation[M](18),Spc98-yeast(478)(485)/
,1,Q_2013_1010_RJ_07.36771.36771.3,3,2880.505447,1.161099e-003,6.677715e-001,-0.008135,-2.824149,1.000000e+000,1.000000e+000
,2,Q_2013_1010_RJ_07.36793.36793.4,4,2880.498171,2.038315e-003,7.711436e-001,-0.015411,-5.350088,1.000000e+000,1.000000e+000
7,EIKEVDDRAELLR(1)(3),1723.922408,null,Spc97-yeast(2)(4)/
,1,Q_2013_1010_RJ_07.25385.25385.3,3,1723.915447,8.671462e-002,7.778378e-001,-0.006961,-4.037885,1.000000e+000,1.000000e+000
8,FLTKNMGELTKHYR(4)(11),1875.978479,null,Spc97-yeast(441)(448)/
,1,Q_2013_1010_RJ_07.24335.24335.3,3,1875.979488,6.893921e-009,1.570211e-005,0.001009,0.537853,1.000000e+000,1.000000e+000
9,FNTNLKEIVSQYKNFK(6)(13),2111.117071,null,Spc98-yeast(810)(817)/
,1,Q_2013_1010_RJ_07.34942.34942.3,3,2111.118613,5.128934e-010,1.105166e-007,0.001542,0.730419,1.000000e+000,1.000000e+000
,2,Q_2013_1010_RJ_07.34883.34883.3,3,2111.117442,1.004709e-010,1.575085e-006,0.000371,0.175736,1.000000e+000,1.000000e+000
10,GGAILKIFQQKILENLGDR(6)(11),2251.280770,null,Spc97-yeast(249)(254)/
,1,Q_2013_1010_RJ_07.38695.38695.3,3,2251.285447,4.698156e-009,1.848378e-006,0.004677,2.077484,1.000000e+000,1.000000e+000
11,HKSGMMKTLNEGYR(2)(7),1789.872303,null,Spc97-yeast(729)(734)/
,1,Q_2013_1010_RJ_07.19641.19641.3,3,1789.873785,4.214097e-020,2.055882e-005,0.001482,0.827992,1.000000e+000,1.000000e+000
,2,Q_2013_1010_RJ_07.19579.19579.3,3,1789.885447,5.305201e-007,5.212238e-003,0.013144,7.343541,1.000000e+000,1.000000e+000
,3,Q_2013_1010_RJ_07.16568.16568.3,3,1821.865447,9.084158e-004,1.148602e-001,0.003316,1.820116,1.000000e+000,1.000000e+000
12,IAKKMDPSFK(3)(4),1302.712560,null,Spc97-yeast(96)(97)/
,1,Q_2013_1010_RJ_07.21010.21010.3,3,1302.713262,2.287907e-021,3.005822e-010,0.000702,0.538876,1.000000e+000,1.000000e+000
13,IAKKMDPSFKTFSR(3)(4),1809.956683,Oxidation[M](5),Spc97-yeast(96)(97)/
,1,Q_2013_1010_RJ_07.18116.18116.3,3,1809.955447,1.000000e+000,7.299272e-001,-0.001236,-0.682889,1.000000e+000,1.000000e+000
14,KDVLLRDCDSEEDKNLLFK(1)(14),2475.243451,Carbamidomethyl[C](8),Spc97-yeast(328)(341)/
,1,Q_2013_1010_RJ_07.26820.26820.3,3,2475.235447,3.354453e-022,2.660873e-004,-0.008004,-3.233621,1.000000e+000,1.000000e+000
15,KMDPSFKTFSRR(1)(7),1653.841662,Oxidation[M](2),Spc97-yeast(97)(103)/
,1,Q_2013_1010_RJ_07.25023.25023.3,3,1653.837790,2.000593e-002,4.296394e-002,-0.003872,-2.341216,1.000000e+000,1.000000e+000
,2,Q_2013_1010_RJ_07.24961.24961.3,3,1653.839066,1.704156e-002,5.359778e-002,-0.002596,-1.569679,1.000000e+000,1.000000e+000
16,LKSFSLEKISAPDQR(2)(8),1857.011552,null,Spc97-yeast(39)(45)/
,1,Q_2013_1010_RJ_07.27597.27597.3,3,1857.010447,2.809031e-021,1.753267e-008,-0.001105,-0.595042,1.000000e+000,1.000000e+000
,2,Q_2013_1010_RJ_07.27777.27777.3,3,1857.013610,1.134792e-016,2.346396e-008,0.002058,1.108232,1.000000e+000,1.000000e+000
,3,Q_2013_1010_RJ_07.27713.27713.3,3,1857.014523,7.612370e-022,1.476088e-007,0.002971,1.599882,1.000000e+000,1.000000e+000
,4,Q_2013_1010_RJ_07.27654.27654.3,3,1857.013107,1.783433e-019,7.193623e-007,0.001555,0.837367,1.000000e+000,1.000000e+000
17,LLDETWMDLNKTPSWKYR(11)(16),2434.211035,null,Spc97-yeast(608)(613)/
,1,Q_2013_1010_RJ_07.32418.32418.3,3,2434.218265,5.284876e-015,7.730210e-011,0.007230,2.970162,1.000000e+000,1.000000e+000
18,LNNGTIELNGILTPKAEVLTKSSSSKPQK(15)(21),3205.767678,null,Spc98-yeast(698)(704)/
,1,Q_2013_1010_RJ_07.28677.28677.3,3,3205.775889,5.118453e-022,1.580551e-003,0.008211,2.561321,1.000000e+000,1.000000e+000
,2,Q_2013_1010_RJ_07.28730.28730.4,4,3205.772266,9.661166e-023,6.272301e-003,0.004588,1.431170,1.000000e+000,1.000000e+000
19,LVNHQPLWSTNPKLKSFSLEK(13)(15),2604.418313,null,Spc97-yeast(37)(39)/
,1,Q_2013_1010_RJ_07.27560.27560.3,3,2604.415447,1.992368e-040,6.646435e-008,-0.002866,-1.100438,1.000000e+000,1.000000e+000
20,MESYYLNCIIEENFKEMTRKLQR(15)(20),3165.505208,Carbamidomethyl[C](8);Oxidation[M](1);Oxidation[M](17),Spc98-yeast(662)(667)/
,1,Q_2013_1010_RJ_07.33769.33769.3,3,3165.505447,6.887804e-002,7.714629e-001,0.000239,0.075501,1.000000e+000,1.000000e+000
21,NLLFKMLRTGILLKVVR(5)(14),2168.335054,Oxidation[M](6),Spc97-yeast(346)(355)/
,1,Q_2013_1010_RJ_07.17910.17910.4,4,2168.338171,7.622033e-003,3.533747e-001,0.003117,1.437508,1.000000e+000,1.000000e+000
22,SDFMDALIEKANDILATPSDSLPNYKLTR(10)(26),3376.697943,null,Spc98-yeast(495)(511)/
,1,Q_2013_1010_RJ_07.40612.40612.4,4,3376.700357,2.943155e-017,1.423629e-006,0.002414,0.714900,1.000000e+000,1.000000e+000
,2,Q_2013_1010_RJ_07.40611.40611.3,3,3376.699478,9.501180e-018,5.258169e-005,0.001535,0.454586,1.000000e+000,1.000000e+000
23,SSSSKPQKHAIEK(5)(8),1564.832873,null,Spc98-yeast(709)(712)/
,1,Q_2013_1010_RJ_07.10508.10508.3,3,1564.831578,1.456013e-010,9.178784e-007,-0.001295,-0.827564,1.000000e+000,1.000000e+000
,2,Q_2013_1010_RJ_07.10565.10565.3,3,1564.833264,1.817945e-006,7.346337e-003,0.000391,0.249867,1.000000e+000,1.000000e+000
24,SSSSKPQKHAIEKTLNIDELESVHNTFLTNILSHK(8)(13),4084.134755,null,Spc98-yeast(712)(717)/
,1,Q_2013_1010_RJ_07.31877.31877.6,6,4084.138551,3.237654e-048,4.560190e-004,0.003796,0.929450,1.000000e+000,1.000000e+000
,2,Q_2013_1010_RJ_07.31816.31816.6,6,4084.142207,3.440079e-037,8.306924e-004,0.007452,1.824621,1.000000e+000,1.000000e+000
25,SYIFLEKYCKEVQWTNEFSK(7)(10),2737.321697,Carbamidomethyl[C](9),Spc98-yeast(414)(417)/
,1,Q_2013_1010_RJ_07.36331.36331.3,3,2737.325596,1.210420e-018,3.866447e-011,0.003899,1.424385,1.000000e+000,1.000000e+000
,2,Q_2013_1010_RJ_07.36392.36392.3,3,2737.328366,1.488323e-014,3.262179e-007,0.006669,2.436323,1.000000e+000,1.000000e+000
26,TIMEYFNQNVIDKEVYSLEKCYR(13)(20),3080.474233,Carbamidomethyl[C](21),Spc97-yeast(654)(661)/
,1,Q_2013_1010_RJ_07.37429.37429.3,3,3080.482804,1.040165e-018,3.036506e-006,0.008571,2.782364,1.000000e+000,1.000000e+000
,2,Q_2013_1010_RJ_07.37491.37491.3,3,3080.479497,1.714108e-017,6.134965e-006,0.005264,1.708828,1.000000e+000,1.000000e+000
27,VEKFRMLNISPMKK(3)(13),1891.017897,Oxidation[M](6);Oxidation[M](12),Spc98-yeast(240)(250)/
,1,Q_2013_1010_RJ_07.19378.19378.3,3,1891.015447,6.204949e-001,7.639538e-001,-0.002450,-1.295599,1.000000e+000,1.000000e+000
28,VPAFIPKELAYKIFMIGK(7)(12),2203.259830,null,Spc98-yeast(396)(401)/
,1,Q_2013_1010_RJ_07.40473.40473.3,3,2203.262033,3.185375e-015,8.229711e-010,0.002203,0.999882,1.000000e+000,1.000000e+000
29,YCKEVQWTNEFSKK(3)(13),1984.947238,Carbamidomethyl[C](2),Spc98-yeast(417)(427)/
,1,Q_2013_1010_RJ_07.18528.18528.3,3,1984.945447,3.833239e-001,3.657628e-001,-0.001791,-0.902291,1.000000e+000,1.000000e+000
30,YFNDYEPSDPETPIEFKIAKK(17)(20),2669.302010,null,Spc97-yeast(93)(96)/
,1,Q_2013_1010_RJ_07.30372.30372.4,4,2669.304762,2.236503e-022,1.158477e-013,0.002752,1.030981,1.000000e+000,1.000000e+000
,2,Q_2013_1010_RJ_07.30269.30269.3,3,2669.304873,1.449060e-020,6.997486e-010,0.002863,1.072565,1.000000e+000,1.000000e+000
,3,Q_2013_1010_RJ_07.30393.30393.3,3,2669.309634,3.034170e-022,1.045678e-009,0.007624,2.856177,1.000000e+000,1.000000e+000
,4,Q_2013_1010_RJ_07.30330.30330.3,3,2669.312024,1.514676e-021,1.559033e-009,0.010014,3.751543,1.000000e+000,1.000000e+000
31,YPKKILTTYSVFPAR(3)(4),1922.078509,null,His-TEV-Tub4-yeast(197)(198)/His-TEV-Tub4-yeast-random(198)(199)/
,1,Q_2013_1010_RJ_07.30112.30112.3,3,1922.080854,3.714212e-036,1.962838e-014,0.002345,1.220033,1.000000e+000,1.000000e+000
,2,Q_2013_1010_RJ_07.29928.29928.3,3,1922.080025,6.539286e-030,2.526390e-014,0.001516,0.788729,1.000000e+000,1.000000e+000
,3,Q_2013_1010_RJ_07.29990.29990.3,3,1922.081144,4.617423e-030,1.695209e-013,0.002635,1.370912,1.000000e+000,1.000000e+000
,4,Q_2013_1010_RJ_07.29869.29869.3,3,1922.079246,2.401731e-025,2.218001e-013,0.000737,0.383439,1.000000e+000,1.000000e+000
,5,Q_2013_1010_RJ_07.30053.30053.3,3,1922.080127,1.232589e-027,4.928014e-011,0.001618,0.841797,1.000000e+000,1.000000e+000
