Peptide_Order,Peptide,Peptide_Mass,Modifications,Proteins,Protein_Type
,Spectrum_Order,Title,Charge,Precursor_Mass,Evalue,Score,Precursor_Mass_Error(Da),Precursor_Mass_Error(ppm),Alpha_Evalue,Beta_Evalue
1,ADLKNDGDEELFLLSK(4)-AMTKLQQR(4),2919.513062,null,Spc98-yeast(831)-His-TEV-Tub4-yeast(370)/Spc98-yeast(831)-His-TEV-Tub4-yeast-random(371)/,Inter-Protein
,1,Q_2013_1010_RJ_07.25730.25730.3,3,2919.505447,3.325796e-008,2.378866e-002,-0.007615,-2.608312,9.050370e-010,5.208963e-007
2,ADLKNDGDEELFLLSKSLR(16)-AMTKLQQR(4),3275.730246,null,Spc98-yeast(843)-His-TEV-Tub4-yeast(370)/Spc98-yeast(843)-His-TEV-Tub4-yeast-random(371)/,Inter-Protein
,1,Q_2013_1010_RJ_07.27369.27369.5,5,3275.735062,2.685829e-009,7.721616e-003,0.004816,1.470207,4.696099e-013,9.458815e-009
,2,Q_2013_1010_RJ_07.27308.27308.5,5,3275.734990,1.343423e-008,2.198424e-002,0.004744,1.448227,1.085501e-015,5.676289e-008
,3,Q_2013_1010_RJ_07.27362.27362.4,4,3275.734563,4.566056e-010,7.158189e-002,0.004317,1.317874,2.154653e-028,2.070522e-010
,4,Q_2013_1010_RJ_07.27472.27472.4,4,3275.733040,1.348000e-008,1.879814e-001,0.002794,0.852940,4.607418e-009,2.657876e-008
,5,Q_2013_1010_RJ_07.27331.27331.3,3,3275.734930,4.268204e-008,3.769080e-001,0.004684,1.429910,9.331580e-012,5.313482e-007
3,AEVLTKSSSSK(6)-LKSFSLEK(2),2225.227400,null,Spc98-yeast(704)-Spc97-yeast(39)/,Inter-Protein
,1,Q_2013_1010_RJ_07.13321.13321.4,4,2225.218171,4.172680e-003,8.475089e-002,-0.009229,-4.147441,7.582488e-006,1.558176e-002
,2,Q_2013_1010_RJ_07.13338.13338.3,3,2225.215447,1.815391e-002,8.901675e-002,-0.011953,-5.371586,7.872928e-004,6.415657e-002
,3,Q_2013_1010_RJ_07.13369.13369.4,4,2225.218171,6.631306e-002,2.779862e-001,-0.009229,-4.147441,4.023060e-004,2.954390e-001
4,AEVLTKSSSSKPQK(6)-AMTKLQQR(4),2602.423135,null,Spc98-yeast(704)-His-TEV-Tub4-yeast(370)/Spc98-yeast(704)-His-TEV-Tub4-yeast-random(371)/,Inter-Protein
,1,Q_2013_1010_RJ_07.15497.15497.4,4,2602.418171,1.195253e-005,2.421570e-001,-0.004964,-1.907453,1.176151e-006,2.257915e-005
5,AKIVQK(2)-AKIVQK(2),1509.972599,null,Spc98-yeast(103)-Spc98-yeast(103)/,Inter-Protein
,1,Q_2013_1010_RJ_07.12586.12586.3,3,1509.973360,6.623324e-005,6.630891e-005,0.000761,0.503983,5.027687e-005,1.028801e-004
6,AKLCQLDPVLYEK(2)-FCKFIK(3),2556.360334,Carbamidomethyl[C](4);Carbamidomethyl[C](18),Spc97-yeast(716)-Spc97-yeast(708)/,Intra-Protein
,1,Q_2013_1010_RJ_07.25738.25738.3,3,2556.355447,3.048480e-008,1.175793e-004,-0.004887,-1.911702,8.802772e-022,5.146475e-008
,2,Q_2013_1010_RJ_07.25764.25764.4,4,2556.365926,6.356422e-010,3.802923e-004,0.005592,2.187485,2.216616e-021,1.262353e-010
,3,Q_2013_1010_RJ_07.25809.25809.3,3,2556.355447,1.079607e-008,7.340640e-004,-0.004887,-1.911702,1.934888e-024,1.428225e-008
7,AKLCQLDPVLYEK(2)-FIKSMR(3),2495.339933,Carbamidomethyl[C](4),Spc97-yeast(716)-Spc97-yeast(711)/,Intra-Protein
,1,Q_2013_1010_RJ_07.24398.24398.4,4,2495.338171,1.343161e-006,4.192862e-005,-0.001762,-0.706116,4.082368e-013,7.219233e-007
8,AKLCQLDPVLYEK(2)-SGMMKTLNEGYR(5),3100.551431,Carbamidomethyl[C](4),Spc97-yeast(716)-Spc97-yeast(734)/,Intra-Protein
,1,Q_2013_1010_RJ_07.25215.25215.3,3,3100.553686,1.764158e-011,1.267015e-004,0.002255,0.727290,1.468192e-017,6.710428e-011
,2,Q_2013_1010_RJ_07.25191.25191.4,4,3100.553411,3.202729e-014,1.951760e-003,0.001980,0.638596,6.907881e-019,1.646993e-014
9,AMTKLQQR(4)-AMTKLQQR(4),2088.141522,null,His-TEV-Tub4-yeast(370)-His-TEV-Tub4-yeast(370)/His-TEV-Tub4-yeast(370)-His-TEV-Tub4-yeast-random(371)/His-TEV-Tub4-yeast-random(371)-His-TEV-Tub4-yeast(370)/His-TEV-Tub4-yeast-random(371)-His-TEV-Tub4-yeast-random(371)/,Inter-Protein
,1,Q_2013_1010_RJ_07.17045.17045.4,4,2088.139868,2.118648e-001,4.141719e-002,-0.001654,-0.792092,2.977964e-001,4.050338e-001
10,AMTKLQQR(4)-KMDPSFK(1),1965.029522,null,His-TEV-Tub4-yeast(370)-Spc97-yeast(97)/His-TEV-Tub4-yeast-random(371)-Spc97-yeast(97)/,Inter-Protein
,1,Q_2013_1010_RJ_07.19480.19480.4,4,1965.026234,1.140696e-001,5.956521e-001,-0.003288,-1.673257,1.101992e-003,3.951461e-001
,2,Q_2013_1010_RJ_07.19416.19416.4,4,1965.018171,1.117047e-001,8.144880e-001,-0.011351,-5.776504,3.609313e-004,3.380228e-001
11,AMTKLQQR(4)-NKFTPR(2),1875.026823,null,His-TEV-Tub4-yeast(370)-His-TEV-Tub4-yeast(94)/His-TEV-Tub4-yeast(370)-His-TEV-Tub4-yeast-random(95)/His-TEV-Tub4-yeast-random(371)-His-TEV-Tub4-yeast(94)/His-TEV-Tub4-yeast-random(371)-His-TEV-Tub4-yeast-random(95)/,Intra-Protein
,1,Q_2013_1010_RJ_07.17522.17522.3,3,1875.025447,5.923174e-008,5.620974e-006,-0.001376,-0.733856,2.711788e-008,3.217682e-008
,2,Q_2013_1010_RJ_07.17556.17556.4,4,1875.018171,3.404455e-005,1.086193e-002,-0.008652,-4.614334,1.871975e-004,1.547080e-005
12,CLINFTQELSTEKFDFYDSSSVDAAGIER(13)-AMTKLQQR(4),4455.148088,Carbamidomethyl[C](1),Spc97-yeast(790)-His-TEV-Tub4-yeast(370)/Spc97-yeast(790)-His-TEV-Tub4-yeast-random(371)/,Inter-Protein
,1,Q_2013_1010_RJ_07.32165.32165.4,4,4455.153171,2.213191e-003,1.769019e-001,0.005083,1.140927,7.917001e-017,8.572762e-003
13,CLINFTQELSTEKFDFYDSSSVDAAGIER(13)-VLHAKMNHFIK(5),4817.358735,Carbamidomethyl[C](1),Spc97-yeast(790)-Spc97-yeast(635)/,Intra-Protein
,1,Q_2013_1010_RJ_07.31389.31389.5,5,4817.364962,6.640406e-007,8.181487e-002,0.006227,1.292617,2.431576e-021,5.525521e-006
,2,Q_2013_1010_RJ_07.31327.31327.5,5,4817.363205,1.885375e-006,1.002446e-001,0.004470,0.927894,2.020436e-017,7.242675e-005
14,DCDSEEDKNLLFK(8)-AKIVQK(2),2436.232555,Carbamidomethyl[C](2),Spc97-yeast(341)-Spc98-yeast(103)/,Inter-Protein
,1,Q_2013_1010_RJ_07.25587.25587.4,4,2436.232904,2.303253e-001,2.017585e-001,0.000349,0.143254,1.876073e-004,1.000000e+000
15,DCDSEEDKNLLFK(8)-KDVLLR(1),2493.254016,Carbamidomethyl[C](2),Spc97-yeast(341)-Spc97-yeast(328)/,Intra-Protein
,1,Q_2013_1010_RJ_07.25348.25348.4,4,2493.255019,9.446456e-016,2.818996e-008,0.001003,0.402286,1.648248e-020,2.399823e-015
,2,Q_2013_1010_RJ_07.25408.25408.4,4,2493.256899,2.658375e-017,7.357209e-008,0.002883,1.156320,9.922084e-020,1.600228e-017
,3,Q_2013_1010_RJ_07.25361.25361.3,3,2493.254976,1.265569e-009,3.542055e-006,0.000960,0.385039,2.048538e-018,6.868402e-010
,4,Q_2013_1010_RJ_07.25422.25422.3,3,2493.256654,1.185354e-009,3.955498e-006,0.002638,1.058055,5.011425e-017,4.679040e-010
,5,Q_2013_1010_RJ_07.25468.25468.4,4,2493.260190,7.722364e-009,8.483818e-005,0.006174,2.476282,1.325205e-008,1.666497e-009
16,DDDTKPFFR(5)-NKFTPR(2),2040.018426,null,His-TEV-Tub4-yeast(84)-His-TEV-Tub4-yeast(94)/His-TEV-Tub4-yeast(84)-His-TEV-Tub4-yeast-random(95)/His-TEV-Tub4-yeast-random(85)-His-TEV-Tub4-yeast(94)/His-TEV-Tub4-yeast-random(85)-His-TEV-Tub4-yeast-random(95)/,Intra-Protein
,1,Q_2013_1010_RJ_07.23113.23113.3,3,2040.017169,2.017151e-008,1.495605e-004,-0.001257,-0.616171,9.316012e-012,1.294931e-008
,2,Q_2013_1010_RJ_07.23160.23160.4,4,2040.018171,1.812516e-003,1.372867e-003,-0.000255,-0.124999,6.075572e-007,1.729439e-003
,3,Q_2013_1010_RJ_07.23098.23098.4,4,2040.019366,1.166100e-003,7.159997e-003,0.000940,0.460780,5.835260e-009,2.468715e-003
17,DFNKVPNFSIR(4)-AKIVQK(2),2160.217448,null,Spc97-yeast(164)-Spc98-yeast(103)/,Inter-Protein
,1,Q_2013_1010_RJ_07.22808.22808.4,4,2160.218306,9.861871e-011,3.676466e-003,0.000858,0.397182,8.886283e-011,1.189945e-010
,2,Q_2013_1010_RJ_07.22767.22767.3,3,2160.222071,2.558734e-010,9.074330e-003,0.004623,2.140062,7.488612e-015,3.709824e-011
18,DIINKLSR(5)-KMDPSFK(1),1964.052032,Oxidation[M](13),Spc98-yeast(630)-Spc97-yeast(97)/,Inter-Protein
,1,Q_2013_1010_RJ_07.28684.28684.3,3,1964.052887,1.941348e-001,3.041921e-001,0.000855,0.435325,1.419432e-002,7.785281e-001
19,EHAIGTDGLSQLPDSSTERDDDTKPFFR(24)-NKFTPR(2),4033.952444,null,His-TEV-Tub4-yeast(84)-His-TEV-Tub4-yeast(94)/His-TEV-Tub4-yeast(84)-His-TEV-Tub4-yeast-random(95)/His-TEV-Tub4-yeast-random(85)-His-TEV-Tub4-yeast(94)/His-TEV-Tub4-yeast-random(85)-His-TEV-Tub4-yeast-random(95)/,Intra-Protein
,1,Q_2013_1010_RJ_07.23448.23448.5,5,4033.970894,1.779354e-003,7.563387e-001,0.018450,4.573678,1.340210e-009,1.142239e-002
20,ELAYKIFMIGK(5)-SSSSKPQK(5),2298.241274,null,Spc98-yeast(401)-Spc98-yeast(709)/,Intra-Protein
,1,Q_2013_1010_RJ_07.25481.25481.3,3,2298.235447,1.322485e-005,6.054859e-002,-0.005827,-2.535417,3.287724e-007,1.455307e-005
21,FLTKNMGELTK(4)-AMTKLQQR(4),2394.288234,null,Spc97-yeast(441)-His-TEV-Tub4-yeast(370)/Spc97-yeast(441)-His-TEV-Tub4-yeast-random(371)/,Inter-Protein
,1,Q_2013_1010_RJ_07.21653.21653.3,3,2394.295447,4.901901e-008,3.003956e-004,0.007213,3.012586,6.082132e-009,1.764074e-008
,2,Q_2013_1010_RJ_07.21685.21685.4,4,2394.298171,5.877533e-006,1.278370e-003,0.009937,4.150294,4.801923e-007,3.409385e-005
22,FNTNLKEIVSQYK(6)-DIINKLSR(5),2679.471466,null,Spc98-yeast(810)-Spc98-yeast(630)/,Intra-Protein
,1,Q_2013_1010_RJ_07.29243.29243.4,4,2679.474768,4.912487e-004,7.683095e-003,0.003302,1.232333,4.952857e-011,1.800889e-004
23,GGAILKIFQQK(6)-KDVLLR(1),2083.263670,null,Spc97-yeast(249)-Spc97-yeast(328)/,Intra-Protein
,1,Q_2013_1010_RJ_07.26504.26504.4,4,2083.258171,5.106871e-009,8.356187e-006,-0.005499,-2.639608,3.794950e-011,2.846335e-011
24,IEKFLDALFGIQNTDDMVK(3)-AKIVQK(2),3020.637529,null,Spc98-yeast(71)-Spc98-yeast(103)/,Intra-Protein
,1,Q_2013_1010_RJ_07.31226.31226.4,4,3020.642508,2.576536e-011,1.021442e-005,0.004979,1.648328,3.335056e-024,1.856312e-009
,2,Q_2013_1010_RJ_07.31195.31195.3,3,3020.644159,3.367077e-009,3.475376e-004,0.006630,2.194901,1.636232e-015,1.431282e-007
25,IEKFLDALFGIQNTDDMVK(3)-DFNKVPNFSIR(4),3670.882378,null,Spc98-yeast(71)-Spc97-yeast(164)/,Inter-Protein
,1,Q_2013_1010_RJ_07.35419.35419.4,4,3670.890657,2.377917e-010,1.034810e-002,0.008279,2.255316,3.019172e-020,8.900797e-009
26,IFQQKILENLGDR(5)-KMDPSFK(1),2563.358752,null,Spc97-yeast(254)-Spc97-yeast(97)/,Intra-Protein
,1,Q_2013_1010_RJ_07.25182.25182.4,4,2563.378171,4.602698e-003,3.746904e-001,0.019419,7.575608,1.776994e-004,1.478249e-002
27,IKFPSWSSSAMHVNIGR(2)-AMTKLQQR(4),3029.581034,null,His-TEV-Tub4-yeast(376)-His-TEV-Tub4-yeast(370)/His-TEV-Tub4-yeast(376)-His-TEV-Tub4-yeast-random(371)/His-TEV-Tub4-yeast-random(377)-His-TEV-Tub4-yeast(370)/His-TEV-Tub4-yeast-random(377)-His-TEV-Tub4-yeast-random(371)/,Intra-Protein
,1,Q_2013_1010_RJ_07.24586.24586.5,5,3029.579413,1.175970e-007,3.241144e-004,-0.001621,-0.535057,7.322550e-020,2.416160e-008
28,IKFPSWSSSAMHVNIGR(2)-NDGDEELFLLSKSLR(12),3789.926695,null,His-TEV-Tub4-yeast(376)-Spc98-yeast(843)/His-TEV-Tub4-yeast-random(377)-Spc98-yeast(843)/,Inter-Protein
,1,Q_2013_1010_RJ_07.31227.31227.5,5,3789.935008,2.267624e-012,6.571772e-002,0.008313,2.193446,6.984388e-013,1.998094e-010
29,IVQKSSGLNMENLANHEHLLSPVR(4)-SFSLEKISAPDQR(6),4301.234476,null,Spc98-yeast(107)-Spc97-yeast(45)/,Inter-Protein
,1,Q_2013_1010_RJ_07.26374.26374.5,5,4301.236623,8.395869e-014,1.362339e-002,0.002147,0.499159,1.143070e-013,1.834029e-012
,2,Q_2013_1010_RJ_07.26635.26635.5,5,4301.237992,4.115970e-002,7.346608e-001,0.003516,0.817440,1.297849e-001,5.136154e-004
30,KCLINFTQELSTEK(1)-NMNAILFDELSKER(12),3527.775868,Carbamidomethyl[C](2),Spc97-yeast(777)-Spc97-yeast(537)/,Intra-Protein
,1,Q_2013_1010_RJ_07.30725.30725.4,4,3527.778084,5.885128e-015,1.778811e-003,0.002216,0.628158,1.218260e-013,2.410846e-013
31,KILTTYSVFPAR(1)-AMTKLQQR(4),2508.400556,null,His-TEV-Tub4-yeast(198)-His-TEV-Tub4-yeast(370)/His-TEV-Tub4-yeast(198)-His-TEV-Tub4-yeast-random(371)/His-TEV-Tub4-yeast-random(199)-His-TEV-Tub4-yeast(370)/His-TEV-Tub4-yeast-random(199)-His-TEV-Tub4-yeast-random(371)/,Intra-Protein
,1,Q_2013_1010_RJ_07.23407.23407.4,4,2508.418171,5.331215e-008,2.425619e-003,0.017615,7.022403,2.383480e-012,1.518219e-007
32,KILTTYSVFPAR(1)-FLTKNMGELTK(4),2814.547268,null,His-TEV-Tub4-yeast(198)-Spc97-yeast(441)/His-TEV-Tub4-yeast-random(199)-Spc97-yeast(441)/,Inter-Protein
,1,Q_2013_1010_RJ_07.26613.26613.4,4,2814.550629,8.319613e-009,1.566287e-003,0.003361,1.194153,3.172700e-016,3.324091e-009
33,KILTTYSVFPAR(1)-MDPSFKTFSRR(6),2920.538826,Oxidation[M](16),His-TEV-Tub4-yeast(198)-Spc97-yeast(103)/His-TEV-Tub4-yeast-random(199)-Spc97-yeast(103)/,Inter-Protein
,1,Q_2013_1010_RJ_07.25399.25399.4,4,2920.538171,1.000000e+000,7.959806e-001,-0.000655,-0.224274,3.760441e-012,1.000000e+000
34,KMDPSFK(1)-AKIVQK(2),1675.945061,null,Spc97-yeast(97)-Spc98-yeast(103)/,Inter-Protein
,1,Q_2013_1010_RJ_07.15839.15839.3,3,1675.945447,1.031037e-007,1.019048e-004,0.000386,0.230318,6.604739e-009,9.662462e-008
35,KYHVLYQSNSYR(1)-SSSSKPQK(5),2543.288761,null,Spc98-yeast(428)-Spc98-yeast(709)/,Intra-Protein
,1,Q_2013_1010_RJ_07.14672.14672.4,4,2543.289737,1.008579e-006,7.029956e-003,0.000976,0.383755,1.221037e-012,1.918976e-006
,2,Q_2013_1010_RJ_07.14731.14731.4,4,2543.290889,1.349809e-004,3.476233e-002,0.002128,0.836712,1.344428e-009,1.650098e-004
,3,Q_2013_1010_RJ_07.14656.14656.5,5,2543.290931,1.848728e-006,7.275771e-002,0.002170,0.853226,4.757050e-012,2.213527e-006
,4,Q_2013_1010_RJ_07.14660.14660.3,3,2543.285038,3.071331e-007,7.450310e-002,-0.003723,-1.463853,6.958971e-015,1.692356e-006
,5,Q_2013_1010_RJ_07.14744.14744.3,3,2543.275447,2.523073e-006,4.154512e-001,-0.013314,-5.234954,3.737947e-007,2.703778e-007
36,LKSFSLEK(2)-AKIVQK(2),1775.067612,null,Spc97-yeast(39)-Spc98-yeast(103)/,Inter-Protein
,1,Q_2013_1010_RJ_07.18886.18886.3,3,1775.069664,6.836058e-008,5.788547e-004,0.002052,1.156012,1.651414e-008,2.123100e-007
,2,Q_2013_1010_RJ_07.18920.18920.4,4,1775.068513,4.935413e-007,3.398659e-003,0.000901,0.507586,8.469861e-007,9.084159e-007
37,LKSFSLEK(2)-KMDPSFK(1),1941.040074,null,Spc97-yeast(39)-Spc97-yeast(97)/,Intra-Protein
,1,Q_2013_1010_RJ_07.21433.21433.4,4,1941.036577,1.665936e-010,1.132479e-006,-0.003497,-1.801611,1.041157e-010,1.184074e-012
,2,Q_2013_1010_RJ_07.21440.21440.3,3,1941.025447,8.320845e-013,1.714135e-005,-0.014627,-7.535651,1.402002e-013,1.475400e-012
,3,Q_2013_1010_RJ_07.21487.21487.4,4,1941.039174,1.660795e-009,1.938290e-005,-0.000900,-0.463669,1.273781e-008,2.342449e-012
38,LNNGTIELNGILTPKAEVLTK(15)-SSSSKPQK(5),3223.778242,null,Spc98-yeast(698)-Spc98-yeast(709)/,Intra-Protein
,1,Q_2013_1010_RJ_07.25212.25212.4,4,3223.780958,9.494182e-007,4.637279e-002,0.002716,0.842490,3.344095e-016,2.847745e-006
39,LQSLDSPETTIMWHKIEK(15)-AKIVQK(2),2979.622215,null,Spc98-yeast(68)-Spc98-yeast(103)/,Intra-Protein
,1,Q_2013_1010_RJ_07.24075.24075.5,5,2979.626669,9.012027e-012,8.220189e-005,0.004454,1.494820,5.368078e-013,1.076256e-011
,2,Q_2013_1010_RJ_07.24138.24138.5,5,2979.621826,1.692213e-010,2.311899e-004,-0.000389,-0.130553,1.329076e-009,1.530758e-008
,3,Q_2013_1010_RJ_07.24087.24087.4,4,2979.622973,4.219861e-014,2.697271e-004,0.000758,0.254395,8.626215e-013,8.882925e-014
40,LVNHQPLWSTNPKLK(13)-SFSLEKISAPDQR(6),3389.821442,null,Spc97-yeast(37)-Spc97-yeast(45)/,Intra-Protein
,1,Q_2013_1010_RJ_07.24681.24681.4,4,3389.818171,2.444064e-005,7.209264e-002,-0.003271,-0.964948,6.601777e-005,2.207372e-010
41,NDGDEELFLLSKSLR(12)-AMTKLQQR(4),2848.487184,null,Spc98-yeast(843)-His-TEV-Tub4-yeast(370)/Spc98-yeast(843)-His-TEV-Tub4-yeast-random(371)/,Inter-Protein
,1,Q_2013_1010_RJ_07.27857.27857.4,4,2848.488756,2.368591e-009,2.473102e-004,0.001572,0.551872,2.076132e-014,4.230495e-009
,2,Q_2013_1010_RJ_07.27916.27916.4,4,2848.491976,1.101904e-008,1.031036e-003,0.004792,1.682296,5.263360e-013,1.771604e-009
,3,Q_2013_1010_RJ_07.27898.27898.3,3,2848.488710,5.222679e-006,1.363536e-002,0.001526,0.535723,9.730024e-014,2.642442e-006
42,NDNNANYDKLLQNFELER(9)-AMTKLQQR(4),3322.648309,null,Spc97-yeast(460)-His-TEV-Tub4-yeast(370)/Spc97-yeast(460)-His-TEV-Tub4-yeast-random(371)/,Inter-Protein
,1,Q_2013_1010_RJ_07.26806.26806.4,4,3322.652947,5.336767e-010,4.236299e-003,0.004638,1.395874,1.232642e-022,1.365027e-008
,2,Q_2013_1010_RJ_07.26754.26754.3,3,3322.650336,1.074059e-010,4.742109e-003,0.002027,0.610056,6.011098e-020,7.800649e-008
,3,Q_2013_1010_RJ_07.26746.26746.4,4,3322.651180,7.707871e-011,5.343057e-003,0.002871,0.864070,1.914416e-018,3.335302e-009
,4,Q_2013_1010_RJ_07.25964.25964.4,4,3338.643761,2.491059e-005,6.245725e-002,0.000538,0.161143,1.033548e-010,9.444496e-005
43,NDNNANYDKLLQNFELER(9)-FLTKNMGELTK(4),3628.795021,null,Spc97-yeast(460)-Spc97-yeast(441)/,Intra-Protein
,1,Q_2013_1010_RJ_07.29074.29074.4,4,3628.795080,9.064924e-009,1.027150e-003,0.000059,0.016259,5.601669e-021,3.677267e-009
,2,Q_2013_1010_RJ_07.29012.29012.4,4,3628.799844,5.697734e-008,6.527398e-002,0.004823,1.329091,3.903678e-021,2.831390e-007
44,NDNNANYDKLLQNFELER(9)-FLTKNMGELTKHYR(11),4085.018352,null,Spc97-yeast(460)-Spc97-yeast(448)/,Intra-Protein
,1,Q_2013_1010_RJ_07.32845.32845.4,4,4085.018171,3.341609e-001,5.250413e-001,-0.000181,-0.044308,2.695080e-015,1.000000e+000
45,NDNNANYDKLLQNFELER(9)-NMGELTKHYR(7),3595.723256,null,Spc97-yeast(460)-Spc97-yeast(448)/,Intra-Protein
,1,Q_2013_1010_RJ_07.26340.26340.4,4,3595.726725,2.371429e-007,2.909958e-002,0.003469,0.964757,8.808600e-018,2.685554e-007
,2,Q_2013_1010_RJ_07.26339.26339.5,5,3595.727529,2.565982e-006,1.144947e-001,0.004273,1.188356,8.917909e-023,3.143034e-006
46,NMGELTKHYR(7)-AMTKLQQR(4),2361.216469,null,Spc97-yeast(448)-His-TEV-Tub4-yeast(370)/Spc97-yeast(448)-His-TEV-Tub4-yeast-random(371)/,Inter-Protein
,1,Q_2013_1010_RJ_07.17776.17776.4,4,2361.216709,9.911363e-008,6.696323e-005,0.000240,0.101643,8.633892e-009,1.868767e-007
,2,Q_2013_1010_RJ_07.17824.17824.3,3,2361.216869,7.965576e-012,3.649519e-004,0.000400,0.169404,4.404539e-010,5.890519e-012
,3,Q_2013_1010_RJ_07.17836.17836.4,4,2361.219143,2.193250e-006,4.482057e-004,0.002674,1.132467,4.134021e-010,7.922001e-006
,4,Q_2013_1010_RJ_07.17764.17764.5,5,2361.217953,1.495443e-006,1.314658e-002,0.001484,0.628490,2.817181e-007,1.157438e-005
,5,Q_2013_1010_RJ_07.17823.17823.5,5,2361.218370,2.643602e-007,1.974969e-002,0.001901,0.805093,2.153260e-007,4.130920e-006
47,NMGELTKHYR(7)-FCKFIK(3),2228.135376,Carbamidomethyl[C](15),Spc97-yeast(448)-Spc97-yeast(708)/,Intra-Protein
,1,Q_2013_1010_RJ_07.20685.20685.4,4,2228.138171,1.138801e-007,2.624520e-004,0.002795,1.254412,4.909106e-011,1.230844e-007
48,NMGELTKHYR(7)-FIKSMR(3),2167.114975,null,Spc97-yeast(448)-Spc97-yeast(711)/,Intra-Protein
,1,Q_2013_1010_RJ_07.19033.19033.4,4,2167.116490,6.546134e-005,7.405958e-002,0.001515,0.699086,5.209609e-006,6.917538e-005
49,NMNAILFDELSKER(12)-AMTKLQQR(4),2792.443213,null,Spc97-yeast(537)-His-TEV-Tub4-yeast(370)/Spc97-yeast(537)-His-TEV-Tub4-yeast-random(371)/,Inter-Protein
,1,Q_2013_1010_RJ_07.26522.26522.4,4,2792.444442,1.025982e-009,2.575214e-004,0.001229,0.440116,6.221340e-013,3.195955e-010
50,NMNAILFDELSKER(12)-FCKFIK(3),2659.362120,Carbamidomethyl[C](19),Spc97-yeast(537)-Spc97-yeast(708)/,Intra-Protein
,1,Q_2013_1010_RJ_07.28754.28754.4,4,2659.364459,3.850161e-012,2.230896e-005,0.002339,0.879534,9.434954e-019,1.510898e-012
51,NNYFYQKEMLK(7)-KILTTYSVFPAR(1),3010.574541,null,Spc98-yeast(602)-His-TEV-Tub4-yeast(198)/Spc98-yeast(602)-His-TEV-Tub4-yeast-random(199)/,Inter-Protein
,1,Q_2013_1010_RJ_07.27079.27079.4,4,3010.576803,2.757870e-011,1.958446e-002,0.002262,0.751352,5.106935e-010,1.020706e-015
52,SDFMDALIEKANDILATPSDSLPNYK(10)-KILTTYSVFPAR(1),4401.257229,null,Spc98-yeast(495)-His-TEV-Tub4-yeast(198)/Spc98-yeast(495)-His-TEV-Tub4-yeast-random(199)/,Inter-Protein
,1,Q_2013_1010_RJ_07.39832.39832.4,4,4401.266141,8.224827e-017,9.633581e-003,0.008912,2.024876,1.302809e-027,8.416465e-016
53,SFSLEKISAPDQR(6)-AKIVQK(2),2301.281163,null,Spc97-yeast(45)-Spc98-yeast(103)/,Inter-Protein
,1,Q_2013_1010_RJ_07.20948.20948.4,4,2301.284309,6.674350e-010,1.784114e-004,0.003146,1.367065,2.829983e-013,1.264043e-009
,2,Q_2013_1010_RJ_07.20889.20889.4,4,2301.298171,7.564591e-008,4.979962e-004,0.017008,7.390666,1.403018e-010,1.089330e-007
54,SFSLEKISAPDQR(6)-KMDPSFK(1),2467.253624,null,Spc97-yeast(45)-Spc97-yeast(97)/,Intra-Protein
,1,Q_2013_1010_RJ_07.23140.23140.3,3,2467.254284,4.058777e-014,2.858785e-005,0.000660,0.267504,1.141533e-016,4.037794e-014
,2,Q_2013_1010_RJ_07.23201.23201.3,3,2467.255338,5.978675e-011,8.843614e-004,0.001714,0.694700,6.037791e-013,9.812024e-012
,3,Q_2013_1010_RJ_07.23208.23208.4,4,2467.256719,7.159372e-010,3.724612e-002,0.003095,1.254431,2.449022e-012,1.480480e-010
,4,Q_2013_1010_RJ_07.23147.23147.4,4,2467.257547,1.413924e-008,8.981630e-002,0.003923,1.590027,9.989003e-009,1.815130e-008
55,SFSLEKISAPDQRR(6)-IAKKMDPSFK(3),2935.570850,null,Spc97-yeast(45)-Spc97-yeast(96)/,Intra-Protein
,1,Q_2013_1010_RJ_07.24936.24936.4,4,2935.578171,7.289913e-004,7.335580e-001,0.007321,2.493893,1.346365e-003,1.279600e-003
56,SSSSKPQKHAIEK(5)-ELAYKIFMIGK(5),2876.558892,null,Spc98-yeast(709)-Spc98-yeast(401)/,Intra-Protein
,1,Q_2013_1010_RJ_07.22602.22602.5,5,2876.562113,4.999655e-004,2.886516e-002,0.003221,1.119741,5.757041e-004,5.129359e-010
57,SSSSKPQKHAIEK(8)-TGILLKVVR(6),2562.497621,null,Spc98-yeast(712)-Spc97-yeast(355)/,Inter-Protein
,1,Q_2013_1010_RJ_07.18001.18001.4,4,2562.496828,6.057768e-008,3.610435e-003,-0.000793,-0.309464,8.895369e-009,1.399159e-007
,2,Q_2013_1010_RJ_07.17928.17928.4,4,2562.496490,2.641290e-007,8.475282e-003,-0.001131,-0.441366,1.255324e-007,4.602013e-009
,3,Q_2013_1010_RJ_07.17942.17942.4,4,2562.497523,2.249666e-006,1.076395e-002,-0.000098,-0.038244,2.660475e-006,2.003442e-008
,4,Q_2013_1010_RJ_07.18028.18028.5,5,2562.496759,2.534224e-005,2.059413e-002,-0.000862,-0.336391,2.927998e-005,5.168389e-007
,5,Q_2013_1010_RJ_07.17968.17968.5,5,2562.499644,1.040046e-006,2.252757e-002,0.002023,0.789464,1.005835e-007,8.253031e-008
,6,Q_2013_1010_RJ_07.17989.17989.6,6,2562.498377,4.582288e-006,2.398662e-002,0.000756,0.295025,4.203852e-006,3.731458e-008
,7,Q_2013_1010_RJ_07.17965.17965.3,3,2562.495433,1.468825e-006,3.097650e-002,-0.002188,-0.853854,3.078019e-010,5.771779e-007
,8,Q_2013_1010_RJ_07.18064.18064.4,4,2562.497134,8.592406e-005,3.140650e-002,-0.000487,-0.190049,8.471732e-005,2.825850e-007
,9,Q_2013_1010_RJ_07.17905.17905.5,5,2562.497843,2.509853e-004,5.154838e-002,0.000222,0.086634,2.993691e-004,3.714102e-007
,10,Q_2013_1010_RJ_07.17930.17930.6,6,2562.499801,1.756834e-003,1.314761e-001,0.002180,0.850732,2.716250e-003,3.774445e-007
58,TENKSQNQFDLIR(4)-AEVLTKSSSSKPQK(6),3219.685408,null,Spc98-yeast(674)-Spc98-yeast(704)/,Intra-Protein
,1,Q_2013_1010_RJ_07.19128.19128.5,5,3219.683480,5.025075e-009,6.908478e-004,-0.001928,-0.598816,1.296742e-016,1.360318e-008
,2,Q_2013_1010_RJ_07.19069.19069.5,5,3219.670894,1.038105e-008,8.017491e-003,-0.014514,-4.507894,5.961678e-014,4.970290e-008
59,TENKSQNQFDLIR(4)-ELAYKIFMIGK(5),3042.596728,null,Spc98-yeast(674)-Spc98-yeast(401)/,Intra-Protein
,1,Q_2013_1010_RJ_07.30040.30040.4,4,3042.618171,1.445973e-005,9.563803e-003,0.021443,7.047598,8.604702e-006,4.741812e-005
60,TENKSQNQFDLIR(4)-SSSSKPQK(5),2578.310614,null,Spc98-yeast(674)-Spc98-yeast(709)/,Intra-Protein
,1,Q_2013_1010_RJ_07.17726.17726.4,4,2578.310258,4.876030e-005,3.357485e-003,-0.000356,-0.138075,1.242031e-012,1.198433e-004
,2,Q_2013_1010_RJ_07.17674.17674.3,3,2578.313063,2.036619e-006,1.830709e-002,0.002449,0.949847,2.921222e-012,4.258940e-006
,3,Q_2013_1010_RJ_07.17555.17555.4,4,2578.313107,2.842226e-004,3.084888e-002,0.002493,0.966912,1.125327e-009,1.044871e-003
,4,Q_2013_1010_RJ_07.17666.17666.4,4,2578.316577,2.359533e-004,8.325891e-002,0.005963,2.312755,5.512464e-013,4.498398e-004
,5,Q_2013_1010_RJ_07.17607.17607.4,4,2578.317703,1.363593e-005,9.535205e-002,0.007089,2.749475,1.018685e-011,1.507837e-004
61,TENKSQNQFDLIR(4)-SSSSKPQKHAIEK(8),3156.628231,null,Spc98-yeast(674)-Spc98-yeast(712)/,Intra-Protein
,1,Q_2013_1010_RJ_07.16395.16395.5,5,3156.630409,5.393988e-009,3.121119e-002,0.002178,0.689977,4.908607e-017,9.811876e-009
,2,Q_2013_1010_RJ_07.16332.16332.6,6,3156.629446,1.113944e-006,3.404283e-002,0.001215,0.384904,3.310846e-015,3.319245e-006
,3,Q_2013_1010_RJ_07.16452.16452.5,5,3156.633823,2.843776e-003,1.978399e-001,0.005592,1.771510,1.294663e-009,3.579356e-003
,4,Q_2013_1010_RJ_07.16355.16355.3,3,3156.625447,3.327163e-005,6.347639e-001,-0.002784,-0.881954,6.332701e-007,5.948095e-005
62,TGILLKVVR(6)-KDVLLR(1),1879.210184,null,Spc97-yeast(355)-Spc97-yeast(328)/,Intra-Protein
,1,Q_2013_1010_RJ_07.25343.25343.4,4,1879.212350,3.380925e-012,1.375312e-008,0.002166,1.152612,4.367580e-009,1.759724e-013
63,TGILLKVVR(6)-SSSSKPQK(5),1984.180004,null,Spc97-yeast(355)-Spc98-yeast(709)/,Inter-Protein
,1,Q_2013_1010_RJ_07.19632.19632.3,3,1984.181171,8.154228e-014,2.102873e-005,0.001167,0.588152,2.322262e-011,1.226150e-014
,2,Q_2013_1010_RJ_07.19620.19620.4,4,1984.181380,1.475173e-008,3.669622e-005,0.001376,0.693485,6.461455e-009,8.597421e-009
,3,Q_2013_1010_RJ_07.19574.19574.3,3,1984.165447,1.589892e-012,2.648638e-004,-0.014557,-7.336532,1.592949e-009,1.979421e-011
,4,Q_2013_1010_RJ_07.19679.19679.4,4,1984.178171,6.462681e-007,1.993575e-003,-0.001833,-0.923807,7.414948e-008,3.036034e-007
64,TNQSSQEDFNNFMDSMKNESSLHLR(17)-DCDSEEDKNLLFK(8),4709.071029,Carbamidomethyl[C](30),Spc97-yeast(221)-Spc97-yeast(341)/,Intra-Protein
,1,Q_2013_1010_RJ_07.30897.30897.5,5,4709.071822,1.387623e-015,4.545986e-002,0.000793,0.168398,1.065655e-014,5.683063e-014
65,TNQSSQEDFNNFMDSMKNESSLHLR(17)-KDVLLR(1),3839.832535,null,Spc97-yeast(221)-Spc97-yeast(328)/,Intra-Protein
,1,Q_2013_1010_RJ_07.29178.29178.5,5,3839.836557,4.111825e-012,5.846781e-003,0.004022,1.047442,4.328413e-023,1.474520e-011
66,YFNDYEPSDPETPIEFKIAK(17)-KMDPSFK(1),3392.628141,null,Spc97-yeast(93)-Spc97-yeast(97)/,Intra-Protein
,1,Q_2013_1010_RJ_07.26518.26518.4,4,3392.629990,4.983363e-013,1.288349e-004,0.001849,0.545005,1.976558e-020,4.155984e-010
,2,Q_2013_1010_RJ_07.26578.26578.4,4,3392.633560,1.779277e-011,1.025746e-002,0.005419,1.597287,2.666830e-018,5.892752e-011
67,YFNDYEPSDPETPIEFKIAK(17)-KMDPSFKTFSRR(1),4039.978451,null,Spc97-yeast(93)-Spc97-yeast(97)/,Intra-Protein
,1,Q_2013_1010_RJ_07.29085.29085.4,4,4039.978171,4.061032e-001,3.718118e-001,-0.000280,-0.069307,6.101310e-011,1.000000e+000
68,YFNDYEPSDPETPIEFKIAK(17)-MDPSFKTFSR(6),3755.782394,null,Spc97-yeast(93)-Spc97-yeast(103)/,Intra-Protein
,1,Q_2013_1010_RJ_07.28525.28525.5,5,3755.780400,2.958451e-007,1.032488e-002,-0.001994,-0.530915,1.210646e-015,2.028866e-007
,2,Q_2013_1010_RJ_07.28534.28534.4,4,3755.785848,4.459778e-007,1.941259e-002,0.003454,0.919649,1.890982e-017,4.338438e-007
,3,Q_2013_1010_RJ_07.28597.28597.4,4,3755.787757,6.834030e-008,2.935750e-002,0.005363,1.427932,7.401409e-016,1.066386e-007
,4,Q_2013_1010_RJ_07.27904.27904.4,4,3771.785753,6.440611e-010,3.479982e-001,0.008445,2.238998,3.240158e-012,1.805189e-008
69,YFNDYEPSDPETPIEFKIAK(17)-YGKQYMILTR(3),3812.876623,null,Spc97-yeast(93)-Spc97-yeast(114)/,Intra-Protein
,1,Q_2013_1010_RJ_07.28737.28737.4,4,3812.880950,9.924187e-011,7.947253e-003,0.004327,1.134839,2.155780e-016,1.138197e-010
70,YFNDYEPSDPETPIEFKIAKK(17)-MDPSFKTFSRR(6),4039.978451,null,Spc97-yeast(93)-Spc97-yeast(103)/,Intra-Protein
,1,Q_2013_1010_RJ_07.29144.29144.4,4,4039.978171,2.319496e-002,2.397374e-001,-0.000280,-0.069307,7.713758e-016,7.990549e-002
71,YTNNIPLLGKLVNHQPLWSTNPK(10)-LKSFSLEK(2),3736.047069,null,Spc97-yeast(24)-Spc97-yeast(39)/,Intra-Protein
,1,Q_2013_1010_RJ_07.30789.30789.5,5,3736.048932,1.276806e-005,6.013062e-003,0.001863,0.498655,4.557762e-014,2.592745e-004
,2,Q_2013_1010_RJ_07.30724.30724.5,5,3736.049018,1.368865e-003,1.693321e-002,0.001949,0.521674,1.000577e-013,8.565249e-003
