0.002345,1.22003,31.5618,2,2
0.001516,0.788729,31.3094,2,2
0.002752,1.03098,29.7865,2,2
0.002635,1.37091,29.4058,2,2
0.000737,0.383439,29.137,2,2
0.002699,1.30194,28.0607,2,1
0.003829,1.84703,25.6955,2,1
0.00029,0.194132,25.3883,2,1
-0.001975,-1.406,24.3558,2,1
0.003899,1.42439,23.9761,2,2
0.001618,0.841797,23.7335,2,2
0.001213,0.812007,23.6576,2,1
0.00723,2.97016,23.2833,2,2
0.001087,0.509597,23.1435,2,1
-0.003194,-1.62711,22.7806,2,1
0.001293,0.559212,22.7703,2,1
-0.002259,-0.794726,22.5458,2,1
0.001734,0.74994,22.5265,2,1
0.002886,1.22642,22.2823,2,1
0.005315,2.45042,22.0532,2,1
0.001266,0.730559,21.9536,2,1
0.000702,0.538876,21.9253,2,2
0.001387,0.639459,21.5421,2,1
0.002616,0.920321,21.2652,2,1
0.002863,1.07257,21.0803,2,2
0.002203,0.999882,20.9181,2,2
0.007624,2.85618,20.6786,2,2
0.003793,2.03165,20.4087,2,1
0.010014,3.75154,20.2792,2,2
0.004747,2.63878,20.1511,2,1
0.003302,0.943799,20.0019,2,1
0.000432,0.235304,19.9256,2,1
-1.4e-005,-0.00623561,19.7081,2,1
0.000904,0.566818,19.6397,2,1
0.004747,2.63878,19.5247,2,1
0.002619,1.1665,19.3493,2,1
0.000248,0.135082,19.1079,2,1
0.003416,0.976383,19.035,2,1
-0.000267,-0.101934,18.7757,2,1
0.004077,1.41587,18.638,2,1
0.016133,9.24549,18.3355,2,1
0.002327,0.88839,18.3272,2,1
0.000873,0.534323,18.3263,2,1
0.000467,0.295039,18.2433,2,1
0.000725,0.483412,18.2195,2,1
0.002166,1.15261,18.102,2,3
0.012345,7.55581,18.077,2,1
-0.001105,-0.595042,17.8592,2,2
0.000853,0.523991,17.6935,2,2
0.002058,1.10823,17.5678,2,2
0.002164,1.14378,17.5567,2,1
-3.9e-005,-0.0261074,17.5202,2,1
0.001003,0.402286,17.3843,2,3
-4e-005,-0.0160886,17.1076,2,1
-0.000958,-0.588492,17.074,2,2
0.005081,1.55253,16.8909,2,1
0.002794,1.49656,16.7235,2,1
0.00325,1.93937,16.6759,2,0
0.000286,0.170665,16.6512,2,0
-0.013089,-6.62071,16.6371,2,0
0.020536,9.90166,16.5752,2,1
0.000953,0.497136,16.5558,2,0
-0.002866,-1.10044,16.5266,2,2
0.001073,0.559735,16.4593,2,0
0.001371,0.767687,16.4353,2,0
0.002883,1.15632,16.425,2,3
0.00122,0.750818,16.3351,2,0
0.006644,3.96467,16.2985,2,0
0.007088,3.9689,16.2848,2,0
0.003064,1.69571,16.2448,2,0
0.006027,3.51662,16.1765,2,1
0.000427,0.222746,16.1437,2,0
-0.000666,-0.397422,16.0996,2,0
0.001708,0.945259,16.0946,2,0
0.001518,0.905836,16.0636,2,0
-0.000599,-0.312471,16.0608,2,0
-0.000762,-0.508083,16.0185,2,1
0.001542,0.730419,16.0181,2,2
0.024176,8.62346,15.9899,2,1
0.001523,0.794479,15.9848,2,0
0.001394,0.82984,15.9717,2,0
0.001,0.521654,15.9702,2,0
0.00047,0.263175,15.9408,2,0
-0.000103,-0.0537304,15.932,2,0
-0.00064,-0.333858,15.9101,2,0
0.000587,0.404055,15.8849,2,0
-0.004145,-2.09126,15.8846,2,0
0.001583,0.87608,15.8469,2,0
-0.001703,-0.888377,15.846,2,0
-7.1e-005,-0.048872,15.8174,2,0
0.000541,0.372391,15.8014,2,0
-0.000429,-0.35669,15.7753,2,0
-0.000416,-0.217008,15.7584,2,0
0.000397,0.236902,15.733,2,0
-0.000588,-0.306732,15.7321,2,0
0.002971,1.59988,15.7287,2,2
0.029881,8.54078,15.704,2,1
0.002539,1.40516,15.6747,2,0
0.001337,0.476901,15.6652,2,1
0.001185,0.61816,15.6596,2,0
0.022021,10.5411,15.6075,2,1
0.001439,0.726012,15.5948,2,0
0.001195,0.623376,15.5877,2,0
-1.6e-005,-0.00972112,15.5865,2,1
0.002335,1.60727,15.5482,2,0
0.001745,0.481151,15.5428,2,1
-0.000425,-0.221703,15.5114,2,0
0.000857,0.397476,15.4657,2,0
-0.000106,-0.0552953,15.4257,2,0
-0.000211,-0.11929,15.42,2,1
0.000126,0.0657284,15.3947,2,0
0.001899,0.677364,15.3767,2,1
-0.00044,-0.229528,15.3681,2,0
0.000684,0.317239,15.3471,2,0
-8e-006,-0.00477384,15.3323,2,0
0.00334,1.98828,15.3172,2,0
0.001422,0.741792,15.3105,2,0
0.024176,8.62346,15.2835,2,1
0.00121,0.631201,15.2467,2,0
0.000966,0.540267,15.0423,2,0
0.001954,1.09284,15.0249,2,0
0.002077,1.16163,15.0191,2,0
0.000946,0.529081,15.0065,2,0
0.002144,0.6882,15.0004,2,1
-0.004602,-2.82697,14.9889,2,2
0.001336,0.747201,14.9706,2,0
0.000607,0.369919,14.9671,2,0
-0.000179,-0.0638484,14.9663,2,1
0.000227,0.144598,14.9622,2,0
0.00064,0.357941,14.9609,2,0
0.005026,1.62208,14.9604,2,1
0.003327,0.900467,14.959,2,1
0.00438,1.85113,14.9403,2,1
0.006669,2.43632,14.9357,2,2
0.001794,1.00335,14.9303,2,0
-0.005092,-2.594,14.8991,2,1
0.00186,1.04027,14.8681,2,0
-6.3e-005,-0.052381,14.8483,2,0
0.000672,0.425091,14.84,2,0
0.000525,0.318025,14.8248,2,0
0.001418,0.574064,14.7987,2,0
0.000912,0.510066,14.797,2,0
0.001979,1.10682,14.7903,2,0
0.013545,7.49621,14.7794,2,0
0.005114,3.09787,14.7374,2,0
-0.002313,-1.20659,14.7137,2,0
0.003994,2.41942,14.6804,2,0
0.00045,0.286836,14.6763,2,0
0.002188,1.22371,14.6371,2,0
0.001926,1.07718,14.6351,2,0
0.002116,0.807835,14.6347,2,1
-0.01172,-7.64107,14.632,2,0
-0.00133,-0.672744,14.6251,2,0
0.001605,1.04641,14.617,2,0
-0.005413,-3.2301,14.6134,2,0
0.00218,1.02589,14.6131,2,0
-0.002364,-1.41067,14.6119,2,0
0.0036,1.87795,14.6108,2,0
0.001763,0.986015,14.5857,2,0
0.001576,0.881429,14.5731,2,0
0.001135,0.634786,14.56,2,0
0.004333,2.78152,14.5556,2,0
0.000433,0.298051,14.5553,2,0
0.002804,1.30049,14.547,2,0
0.001678,0.938476,14.5432,2,0
0.00094,0.598777,14.5373,2,0
0.001236,0.691273,14.5346,2,0
0.001829,0.860708,14.5221,2,0
0.001953,0.919061,14.4938,2,0
0.002036,1.14449,14.489,2,0
0.005675,3.69992,14.4709,2,0
0.00085,0.56187,14.4629,2,0
0.003815,1.65783,14.4468,2,2
0.001928,1.0783,14.4296,2,0
0.000694,0.358644,14.4024,2,0
-0.00111,-0.449374,14.4017,2,0
0.004275,2.01177,14.3881,2,0
0.005078,2.85447,14.3478,2,0
-0.000701,-0.316036,14.3443,2,0
0.001845,0.868238,14.3346,2,0
-9e-005,-0.0469488,14.3315,2,0
0.000399,0.206418,14.3247,2,0
-0.00216,-0.979056,14.3194,2,2
-0.007535,-3.89392,14.3181,2,0
0.00047,0.271556,14.318,2,0
0.003333,1.87356,14.3138,2,0
-0.001315,-0.685975,14.3127,2,0
0.000531,0.296979,14.3114,2,0
0.001336,0.747201,14.3112,2,0
0.006241,3.9479,14.299,2,0
0.002459,1.38226,14.2894,2,0
0.007381,4.37015,14.277,2,0
-0.001683,-0.994801,14.2562,2,0
0.003858,1.56188,14.2473,2,0
-0.000134,-0.0749438,14.2217,2,0
0.002698,1.51661,14.2198,2,0
0.000829,0.432451,14.2144,2,0
0.000105,0.0664204,14.2112,2,0
0.001235,0.690714,14.2102,2,0
0.009135,5.13501,14.2032,2,0
0.000104,0.0745681,14.1975,2,0
0.000574,0.321028,14.1961,2,0
0.001653,0.862294,14.1882,2,0
0.001594,1.05367,14.1785,2,0
0.000871,0.527619,14.1574,2,0
-0.000198,-0.0801586,14.1516,2,0
0.001547,0.915949,14.1476,2,0
0.001555,0.837367,14.1449,2,2
-0.001176,-0.777364,14.1442,2,0
0.003094,1.87423,14.1376,2,0
-9.3e-005,-0.0666811,14.1353,2,0
0.001878,1.05567,14.1324,2,0
-0.000153,-0.101137,14.1285,2,0
0.003202,1.65651,14.1203,2,0
0.002484,1.16894,14.1034,2,0
0.000927,0.483573,14.0997,2,0
-0.00055,-0.325645,14.0852,2,0
-9.5e-005,-0.0562477,14.0801,2,0
0.000903,0.471053,14.0685,2,0
0.000802,0.450824,14.0448,2,0
0.005684,3.25008,14.042,2,1
0.002409,1.35416,14.0419,2,0
0.002647,1.57954,14.0401,2,0
0.001091,0.610177,14.0269,2,0
0.001514,0.781215,14.026,2,0
0.001672,1.05767,14.0238,2,0
0.002149,1.0113,14.0207,2,0
0.002647,1.24565,14.0183,2,0
0.001052,0.591355,14.0135,2,0
-5.5e-005,-0.028691,13.9986,2,0
-0.01172,-7.64107,13.9954,2,0
0.002402,1.53106,13.9937,2,0
-0.00021,-0.138815,13.9809,2,0
0.002224,1.24384,13.9705,2,0
0.001501,0.949496,13.9671,2,0
0.007877,4.80041,13.9624,2,0
0.002651,1.36998,13.9574,2,0
0.001209,0.676172,13.9233,2,0
0.002081,0.942021,13.9172,2,0
-0.001295,-0.827564,13.9012,2,2
0.002188,1.14138,13.8935,2,0
7.3e-005,0.0380807,13.8923,2,0
0.002276,1.17746,13.8843,2,0
-0.004036,-2.89369,13.8757,2,0
0.001355,0.761679,13.875,2,0
0.000383,0.214205,13.8732,2,0
0.000475,0.1923,13.863,2,0
0.001893,1.05872,13.8603,2,0
0.000672,0.424285,13.8503,2,0
0.032605,9.31937,13.8475,2,1
0.000736,0.413724,13.8395,2,0
0.002373,1.40501,13.8335,2,0
0.000902,0.504473,13.8277,2,0
0.000313,0.141112,13.8218,2,0
-0.004204,-2.0279,13.8166,2,0
-0.014122,-6.56529,13.8092,2,2
0.003722,1.51104,13.7793,2,0
0.001197,0.714285,13.7733,2,0
0.001427,0.802152,13.7719,2,0
0.00058,0.302559,13.7561,2,0
0.000944,0.527963,13.7532,2,0
0.003324,1.49858,13.7523,2,0
-0.001416,-0.738662,13.7481,2,0
-0.01172,-7.64107,13.7471,2,0
0.001839,1.03375,13.7466,2,0
0.001536,0.859058,13.7459,2,0
0.000904,0.508161,13.7436,2,0
0.001601,0.899962,13.7428,2,0
0.003306,1.4959,13.7262,2,0
0.000843,0.473871,13.7077,2,0
0.007596,2.67231,13.702,2,1
-0.003497,-1.80161,13.6911,2,3
0.002157,0.71198,13.6792,2,1
0.002052,1.07043,13.6761,2,0
0.00176,0.841734,13.6754,2,0
-0.009901,-5.53746,13.673,2,0
0.024056,7.35326,13.6594,2,1
0.00123,0.691413,13.6488,2,0
0.002641,0.929116,13.6449,2,1
-0.001829,-1.15991,13.6448,2,0
0.002619,1.06028,13.6438,2,0
0.001207,0.629636,13.6364,2,0
0.002631,1.06514,13.6278,2,0
0.000558,0.313666,13.627,2,0
-0.002916,-2.09077,13.6226,2,0
0.000894,0.554344,13.6114,2,0
0.000169,0.106703,13.6098,2,0
0.000836,0.469936,13.6085,2,0
-0.000496,-0.413477,13.5589,2,0
0.000704,0.436531,13.5517,2,0
-8.7e-005,-0.0352212,13.5297,2,0
0.002561,1.43975,13.5248,2,0
0.003224,1.3465,13.5219,2,1
-0.00124,-0.59304,13.5126,2,0
0.000967,0.468237,13.4992,2,0
-0.008886,-7.40757,13.4776,2,0
0.002673,1.50256,13.4766,2,0
0.002414,0.7149,13.4623,2,2
0.021011,9.13046,13.4593,2,2
0.00125,0.702656,13.4396,2,0
0.004934,1.99749,13.4271,2,0
0.000762,0.428339,13.4072,2,0
0.000543,0.404388,13.3912,2,0
0.000371,0.175736,13.3612,2,2
0.010504,4.76111,13.3598,2,2
-0.000126,-0.0844063,13.3573,2,1
0.000566,0.305943,13.3352,2,0
0.000518,0.26525,13.317,2,0
0.008792,5.64393,13.3159,2,0
0.00307,1.717,13.3154,2,0
0.00243,1.35906,13.3114,2,0
-0.003375,-1.74601,13.2915,2,0
-0.002758,-1.43872,13.2906,2,0
0.000414,0.215965,13.2898,2,0
0.003188,1.29064,13.2898,2,0
0.003142,1.68841,13.2833,2,0
-6e-006,-0.00270501,13.2775,2,0
0.001417,0.796531,13.275,2,0
0.002247,0.90704,13.2504,2,0
0.001601,0.753414,13.2039,2,0
0.004677,2.07748,13.2012,2,2
0.012649,3.93133,13.1998,2,1
0.005649,2.43367,13.1975,2,0
0.001353,0.926876,13.1815,2,0
0.001184,0.557178,13.1812,2,0
0.000843,0.473871,13.1741,2,0
0.001729,0.946412,13.17,2,0
-0.001621,-0.734745,13.156,2,2
0.000185,0.0748957,13.1544,2,0
0.000777,0.436771,13.1515,2,0
-0.000623,-0.489519,13.1259,2,0
-0.000536,-0.301299,13.1138,2,0
0.002192,0.944344,13.1047,2,0
0.001609,1.19827,13.0995,2,0
0.000933,0.524462,13.0948,2,0
0.000687,0.358376,13.0848,2,0
0.001244,0.699353,13.0767,2,0
0.003083,1.3282,13.0545,2,0
0.001965,1.13533,13.0487,2,0
0.001898,0.817685,13.0446,2,0
0.001352,0.582461,13.0415,2,0
0.002229,1.47342,13.0402,2,0
0.000631,0.271844,13.01,2,0
0.001199,0.67058,13.0054,2,0
0.002133,0.863527,12.9916,2,0
0.022498,7.43864,12.9813,2,1
0.001905,0.820701,12.9748,2,0
0.0007,0.365158,12.9743,2,0
0.003752,1.51897,12.9654,2,0
-0.007345,-3.40661,12.9643,2,0
-0.002625,-1.20473,12.9493,2,0
0.003169,1.4913,12.9475,2,0
0.001779,0.720213,12.9458,2,0
0.000947,0.494006,12.9333,2,0
0.001491,0.642344,12.9317,2,0
0.00306,1.31829,12.9244,2,0
3.7e-005,0.0165615,12.9033,2,0
0.001016,0.478119,12.9033,2,0
0.007381,4.37015,12.9001,2,0
0.000596,0.287495,12.8985,2,0
0.001444,0.584591,12.8974,2,0
0.015573,8.12372,12.8949,2,0
0.002448,1.37608,12.8937,2,0
0.001437,0.61908,12.8901,2,0
0.002217,0.955115,12.8888,2,0
0.001611,0.694041,12.8866,2,0
0.000422,0.181804,12.8787,2,0
0.000597,0.257196,12.877,2,0
0.000541,0.23307,12.8712,2,0
0.002168,0.934005,12.8669,2,0
0.002411,1.03869,12.8591,2,0
0.000855,0.506229,12.8587,2,0
8e-005,0.0344651,12.8586,2,0
-0.000651,-0.28046,12.8544,2,0
0.000783,0.484895,12.8541,2,0
0.001236,0.532486,12.8521,2,0
0.003752,1.51897,12.8518,2,0
0.002603,1.0538,12.8502,2,0
0.010447,4.50456,12.8482,2,1
0.001899,0.871826,12.8466,2,0
0.001587,0.683702,12.8287,2,0
0.003919,1.68836,12.8217,2,0
0.001285,0.553596,12.8198,2,0
-0.002226,-0.958992,12.8183,2,0
0.000565,0.24341,12.8063,2,0
0.002569,1.59093,12.8062,2,0
0.002217,0.955115,12.805,2,0
0.000514,0.221438,12.8039,2,0
0.001024,0.441154,12.8014,2,0
-0.009901,-5.53746,12.7894,2,0
0.002661,1.1464,12.7883,2,0
0.002468,1.06325,12.7835,2,0
0.001205,0.668746,12.783,2,0
0.002824,1.21662,12.778,2,0
0.004651,2.00372,12.776,2,0
0.001889,1.03399,12.7724,2,0
0.005025,3.84559,12.7682,2,0
0.002353,1.01371,12.7651,2,0
-0.000378,-0.273971,12.765,2,0
-0.000239,-0.102965,12.7523,2,0
0.001769,0.583909,12.7486,2,1
-0.001542,-0.664315,12.7451,2,0
0.001143,0.49242,12.7412,2,0
0.001346,0.579876,12.7363,2,0
0.000405,0.17448,12.7294,2,0
0.000494,0.212822,12.724,2,0
0.001161,0.533012,12.7108,2,0
0.000577,0.233594,12.7107,2,0
0.001575,0.846356,12.7075,2,0
0.003219,1.30319,12.7064,2,0
0.008571,2.78236,12.7048,2,2
0.00191,0.822855,12.6889,2,0
0.000825,0.355422,12.6802,2,0
0.001374,0.716752,12.6793,2,0
0.003662,1.88957,12.6782,2,0
0.001912,0.823716,12.6754,2,0
-0.000237,-0.106848,12.6747,2,0
-0.000566,-0.426308,12.6661,2,0
1.1e-005,0.00618337,12.6647,2,0
0.000369,0.15897,12.6616,2,0
0.003251,1.31614,12.6558,2,0
0.002062,0.888339,12.6545,2,0
0.002035,0.850708,12.6531,2,0
-0.000771,-0.312133,12.6517,2,0
0.000228,0.0923039,12.6505,2,0
0.001954,0.841811,12.6485,2,0
-0.000348,-0.249319,12.648,2,0
-0.005558,-2.89935,12.6474,2,0
0.003167,1.49036,12.6463,2,0
0.000798,0.34379,12.6425,2,0
0.002093,0.901694,12.6414,2,0
-0.001245,-0.600555,12.6342,2,0
0.002312,0.996042,12.6341,2,0
0.00238,0.963523,12.6302,2,0
0.002102,1.16331,12.6265,2,0
-0.001542,-0.664315,12.6244,2,0
0.024176,8.62346,12.6189,2,1
0.001668,0.718598,12.6154,2,0
0.002501,1.17694,12.609,2,0
-0.001542,-0.664315,12.609,2,0
0.001281,0.518602,12.6068,2,0
0.000724,0.448357,12.6013,2,0
0.0003,0.175349,12.5931,2,0
0.000164,0.0921885,12.5919,2,0
0.001122,0.664315,12.5909,2,0
-0.001542,-0.664315,12.5844,2,0
0.002234,0.962439,12.5813,2,0
-0.001304,-0.561782,12.5759,2,0
0.006051,4.33515,12.5737,2,0
0.001232,0.603566,12.5708,2,0
-0.000626,-0.26969,12.5695,2,0
0.001054,0.454078,12.5663,2,0
0.003752,1.51897,12.5662,2,0
0.003316,1.42858,12.5656,2,0
-0.001542,-0.664315,12.5639,2,0
0.003752,1.51897,12.5615,2,0
0.002034,0.876276,12.5518,2,0
0.00096,0.385039,12.5508,2,3
0.001689,0.949429,12.5494,2,0
0.00036,0.257917,12.5479,2,0
0.00253,1.02425,12.5426,2,0
0.007331,3.1583,12.5423,2,0
0.00383,2.68456,12.5409,2,0
0.002756,1.18732,12.5391,2,0
-0.000648,-0.401807,12.5352,2,0
0.002297,0.98958,12.535,2,0
0.000458,0.197313,12.5338,2,0
0.000139,0.0598832,12.5333,2,0
-0.000625,-0.493017,12.5305,2,0
0.00154,0.663454,12.5254,2,0
0.008287,3.60117,12.5231,2,2
0.002011,1.13043,12.52,2,0
0.000843,0.473871,12.5175,2,0
0.001444,0.622096,12.5172,2,0
0.003314,1.34165,12.514,2,0
0.001636,0.704812,12.5107,2,0
0.002008,0.865075,12.5102,2,0
0.000151,0.0611311,12.508,2,0
0.003383,1.45744,12.5072,2,0
-0.008981,-5.22498,12.5051,2,0
0.000369,0.149387,12.5015,2,0
0.003566,1.66559,12.499,2,0
0.001677,0.722475,12.4958,2,0
0.001114,0.450994,12.493,2,0
0.002931,1.18659,12.4928,2,0
0.000843,0.473871,12.4928,2,0
0.000531,0.298488,12.4921,2,0
0.007985,4.48901,12.4921,2,0
0.004715,1.90883,12.4885,2,0
-0.001229,-0.919428,12.4824,2,0
0.018944,7.2325,12.4819,2,1
-0.005413,-3.2301,12.4812,2,0
-0.00181,-0.732763,12.4805,2,0
0.001974,0.850427,12.4805,2,0
6.8e-005,0.0292954,12.4725,2,0
0.00362,1.55955,12.4669,2,0
0.000905,0.389887,12.4592,2,0
0.00054,0.353682,12.4575,2,0
0.00363,1.56386,12.4559,2,0
0.002052,1.15348,12.4537,2,0
-0.000714,-0.401357,12.4446,2,0
0.001868,1.17278,12.4416,2,0
0.003267,1.40747,12.4406,2,0
0.002638,1.05806,12.4404,2,3
0.002011,0.866367,12.4337,2,0
0.001389,0.598401,12.4315,2,0
0.002948,1.27004,12.4228,2,0
-0.001703,-0.888377,12.4218,2,0
0.004577,1.85814,12.4109,2,0
0.000532,0.307378,12.4075,2,0
0.002587,1.21742,12.4072,2,0
0.001094,0.471311,12.4059,2,0
0.004579,1.9727,12.4,2,0
-0.001195,-0.482382,12.3975,2,0
-0.000208,-0.0896093,12.3952,2,0
0.002097,0.903417,12.3936,2,0
0.002583,1.20645,12.3922,2,0
0.000394,0.222345,12.3894,2,0
0.002794,1.20369,12.389,2,0
0.001639,0.946978,12.3841,2,0
0.002182,1.02683,12.3831,2,0
-0.002878,-1.47372,12.3791,2,0
0.002634,1.48064,12.3781,2,0
0.002648,1.1408,12.3747,2,0
0.002074,0.893508,12.3716,2,0
0.002687,1.08781,12.3659,2,0
0.005428,2.26911,12.3576,2,0
0.001191,0.5131,12.3575,2,0
0.00157,0.676378,12.3549,2,0
0.002327,1.0025,12.3544,2,0
-0.00062,-0.267105,12.354,2,0
-0.000613,-0.248168,12.3531,2,0
0.001477,0.695061,12.3524,2,0
0.003293,2.25588,12.3413,2,0
0.001841,1.15582,12.3382,2,0
-0.002259,-0.914537,12.3378,2,0
0.002155,0.928404,12.3376,2,0
0.002064,0.8892,12.3375,2,0
-0.009258,-5.74042,12.3324,2,0
0.002112,1.73737,12.3282,2,0
0.000352,0.269383,12.3266,2,0
0.003033,1.30666,12.3211,2,0
0.00062,0.267105,12.3209,2,0
0.002105,0.906864,12.3208,2,0
-0.0002,-0.0861628,12.3206,2,0
-1.8e-005,-0.00775465,12.3076,2,0
0.000843,0.473871,12.3074,2,0
0.000923,0.296271,12.3042,2,0
-0.001542,-0.664315,12.3028,2,0
0.001764,0.759956,12.2996,2,0
0.001491,0.701649,12.2977,2,0
0.003386,1.33395,12.2935,2,0
-0.001542,-0.664315,12.277,2,0
0.001426,0.976885,12.275,2,0
0.003565,1.53585,12.2736,2,0
0.000172,0.0741,12.2734,2,0
-0.009941,-5.78349,12.2699,2,0
0.002103,0.906002,12.2697,2,0
0.003256,1.83046,12.2651,2,0
-0.002392,-1.20682,12.2622,2,0
0.002085,0.898247,12.261,2,0
-4.5e-005,-0.0230429,12.2563,2,0
0.000179,0.0842355,12.2561,2,0
0.000568,0.406935,12.2536,2,0
0.003565,1.44326,12.252,2,0
-0.001542,-0.664315,12.2519,2,0
0.00259,1.11581,12.2487,2,0
0.001545,0.62548,12.2476,2,0
-0.002392,-1.20682,12.2416,2,0
0.003752,1.51897,12.2406,2,0
0.017311,10.33,12.2392,2,0
0.000249,0.14554,12.2344,2,0
-0.000242,-0.109102,12.225,2,0
0.010237,3.90823,12.2216,2,1
0.000465,0.200329,12.2112,2,0
0.001185,0.510515,12.211,2,0
0.001771,0.762972,12.209,2,0
6.4e-005,0.035976,12.2086,2,0
0.002307,0.993888,12.2079,2,0
0.004017,1.73058,12.2044,2,0
-0.000287,-0.149715,12.2041,2,0
0.002106,0.991062,12.2032,2,0
0.000369,0.15897,12.201,2,0
0.000435,0.297998,12.198,2,0
0.001728,0.971352,12.1948,2,0
0.00071,0.399109,12.191,2,0
0.000213,0.0862313,12.1887,2,0
0.000679,0.292523,12.1858,2,0
-0.000609,-0.262366,12.1842,2,0
0.003772,1.63915,12.184,2,2
0.001247,0.537225,12.1707,2,0
0.001199,0.673988,12.1686,2,0
0.001488,0.641051,12.1672,2,0
-0.001542,-0.664315,12.1613,2,0
0.007246,5.25946,12.1551,2,0
0.003967,1.70904,12.1482,2,0
0.002136,0.864742,12.1473,2,0
-0.000235,-0.175806,12.1445,2,0
0.003536,1.52336,12.1408,2,0
-0.000127,-0.0547134,12.1395,2,0
0.002589,1.11538,12.1384,2,0
-0.001738,-0.748755,12.1354,2,0
0.004361,1.76551,12.1337,2,0
0.000961,0.526028,12.1336,2,0
0.003087,1.32992,12.1249,2,0
-0.001884,-0.886591,12.1199,2,0
0.00224,0.798997,12.1164,2,1
3e-005,0.0186022,12.1095,2,0
0.001419,0.797655,12.1077,2,0
0.001563,0.92387,12.1016,2,0
0.002455,1.05765,12.0994,2,0
0.008287,3.60117,12.0994,2,2
-0.000781,-0.597693,12.0977,2,0
0.004868,1.65102,12.0936,2,0
-9.5e-005,-0.03846,12.0923,2,0
0.001916,0.82544,12.0897,2,0
-0.001376,-0.733856,12.089,2,3
-0.000684,-0.313917,12.0882,2,0
0.001115,0.66017,12.0876,2,0
0.001544,0.625075,12.0869,2,0
-0.008473,-3.98731,12.0857,2,0
0.000961,0.414012,12.0807,2,0
-0.002971,-1.54983,12.0773,2,0
0.000344,0.1482,12.0768,2,0
0.002424,1.04429,12.0685,2,0
0.002463,1.38451,12.0625,2,0
-0.000101,-0.040889,12.0533,2,0
0.002186,0.94176,12.0476,2,0
0.001418,0.610894,12.0472,2,0
0.016497,9.5316,12.044,2,0
0.002012,0.814541,12.0382,2,0
9.8e-005,0.0536428,12.0378,2,0
-0.000522,-0.224885,12.0377,2,0
0.000633,0.430404,12.0353,2,0
0.002332,1.00466,12.0348,2,0
0.002343,1.0094,12.0313,2,0
0.004511,1.9434,12.0273,2,0
-0.000195,-0.0840087,12.0235,2,0
0.002442,0.988623,12.0225,2,0
0.00078,0.336035,12.0211,2,0
0.001096,0.795545,12.0209,2,0
0.000867,0.341565,12.0197,2,0
0.00152,0.715296,12.0133,2,0
0.003752,1.51897,12.0111,2,0
0.002937,1.18902,12.01,2,0
-0.001082,-0.438039,12.0051,2,0
0.000378,0.271026,12.0022,2,0
0.002763,1.11858,12.0017,2,0
0.005264,1.70883,12.0015,2,2
-0.000154,-0.0724708,12.0008,2,0
6.8e-005,0.0465836,11.9977,2,0
0.001906,1.19357,11.9934,2,0
0.003681,1.49439,11.9904,2,0
0.000625,0.269259,11.9855,2,0
0.003752,1.51897,11.9822,2,0
0.001472,0.634158,11.9694,2,0
0.00232,1.09177,11.9661,2,0
0.001994,0.859043,11.9641,2,0
-0.000987,-0.464472,11.9613,2,0
0.00214,1.32691,11.9613,2,0
0.000289,0.171322,11.9611,2,0
0.003487,1.41168,11.9607,2,0
0.002238,0.964162,11.9587,2,0
0.001904,1.05667,11.9563,2,0
-0.003123,-1.26432,11.9523,2,0
0.003752,1.51897,11.9416,2,0
0.000497,0.214115,11.9353,2,0
0.001476,0.829696,11.929,2,0
0.002746,1.18302,11.9283,2,0
0.001471,0.633727,11.9279,2,0
0.003383,1.75015,11.9251,2,0
0.003073,2.08946,11.9248,2,0
-0.020731,-8.66635,11.921,2,0
0.007381,4.37015,11.9107,2,0
0.002767,1.1202,11.9089,2,0
0.003485,1.41087,11.9057,2,0
0.000676,0.379996,11.904,2,0
0.00446,1.92143,11.9026,2,0
0.003976,1.60965,11.9018,2,0
-0.001542,-0.664315,11.9013,2,0
0.006891,3.42485,11.9009,2,1
0.00156,0.631553,11.8995,2,0
0.00352,1.18537,11.8967,2,0
0.002116,0.911603,11.8943,2,0
0.002468,1.06325,11.8934,2,0
0.004181,1.38278,11.8933,2,2
0.000416,0.21498,11.8913,2,0
0.003752,1.51897,11.889,2,0
0.003748,1.61469,11.8841,2,0
0.000843,0.473871,11.883,2,0
0.00392,1.68879,11.8795,2,0
0.00304,1.30967,11.8693,2,0
0.000843,0.473871,11.8678,2,0
0.003038,1.22991,11.8659,2,0
0.002444,1.14153,11.865,2,0
0.004599,1.40229,11.8643,2,0
0.001908,1.07253,11.8641,2,0
0.004823,1.95255,11.8626,2,0
0.002675,1.08295,11.8606,2,0
0.001623,0.699211,11.8412,2,0
-0.000139,-0.065412,11.8392,2,0
0.002829,1.21877,11.8339,2,0
0.000219,0.0943483,11.8138,2,0
-0.000359,-0.268572,11.8124,2,0
0.00097,0.456472,11.8039,2,0
0.000853,0.34533,11.8016,2,0
0.004248,1.44075,11.7894,2,0
-0.00213,-0.917634,11.7828,2,0
0.001709,1.22439,11.7699,2,0
0.001351,0.58203,11.7698,2,0
-0.00088,-0.424489,11.7669,2,0
0.002218,1.04377,11.7643,2,0
0.001836,0.864002,11.7639,2,0
0.001401,0.787616,11.7617,2,0
0.000507,0.205255,11.7593,2,0
0.002666,1.14855,11.7564,2,0
0.001877,0.784658,11.755,2,0
0.000187,0.0805622,11.7494,2,0
-0.001542,-0.664315,11.7488,2,0
-0.001542,-0.664315,11.7472,2,0
0.003209,1.29914,11.7462,2,0
0.002474,1.26685,11.7442,2,0
-0.016455,-9.1067,11.7436,2,0
0.003752,1.51897,11.7417,2,0
0.003052,1.23558,11.7308,2,0
0.001433,0.564547,11.7212,2,0
-0.000774,-0.340336,11.7206,2,1
0.003752,1.51897,11.7197,2,0
0.000606,0.261073,11.7196,2,0
-0.005413,-3.2301,11.7147,2,0
0.000975,0.407587,11.7129,2,0
0.003421,1.47381,11.7117,2,0
0.000961,0.435023,11.7093,2,0
-0.000694,-0.298985,11.7079,2,0
0.001698,0.78721,11.7069,2,0
0.002023,0.871537,11.7051,2,0
0.002757,1.11615,11.6999,2,0
0.001294,0.523865,11.6938,2,0
-0.005499,-2.63961,11.6925,2,3
0.000843,0.473871,11.6925,2,0
0.005232,2.25402,11.6895,2,0
0.001368,0.553823,11.6854,2,0
-0.001542,-0.664315,11.6768,2,0
-8.5e-005,-0.038321,11.6758,2,0
-0.002454,-1.07905,11.6708,2,1
0.002803,1.20757,11.6694,2,0
0.003752,1.51897,11.669,2,0
0.004926,1.35825,11.6651,2,1
0.001038,0.583485,11.6586,2,0
0.000684,0.276912,11.6529,2,0
0.000986,0.554255,11.6498,2,0
0.003408,1.59179,11.6481,2,0
0.002942,2.1324,11.6469,2,0
0.004325,3.09858,11.6412,2,0
0.000843,0.473871,11.64,2,0
0.002953,1.1955,11.6371,2,0
0.003303,1.42298,11.6283,2,0
0.003752,1.51897,11.6279,2,0
0.003475,1.49708,11.6278,2,0
0.003132,1.34931,11.6265,2,0
0.003162,1.77744,11.6242,2,0
-0.000702,-0.302431,11.6228,2,0
0.002238,0.881686,11.6168,2,0
0.00169,0.728076,11.596,2,0
-0.001878,-1.09769,11.5956,2,0
0.003073,2.08946,11.5903,2,0
0.006733,2.92587,11.5881,2,2
0.003999,1.61896,11.5861,2,0
0.001985,0.855166,11.5828,2,0
8.9e-005,0.0500291,11.5824,2,0
0.00138,0.558681,11.5659,2,0
0.002381,1.02577,11.562,2,0
0.003905,1.58091,11.5613,2,0
-0.008473,-3.98731,11.5547,2,0
0.003425,1.15338,11.5535,2,0
0.001176,0.476094,11.5501,2,0
0.00756,3.0606,11.5488,2,0
0.003878,1.52778,11.5484,2,0
0.002863,1.15906,11.5472,2,0
0.00123,0.497955,11.5345,2,0
-0.008473,-3.98731,11.53,2,0
0.0045,1.52621,11.5268,2,0
-0.005413,-3.2301,11.5263,2,0
0.002817,1.2136,11.5215,2,0
0.000351,0.221762,11.5152,2,0
0.000943,0.406258,11.5123,2,0
0.003752,1.51897,11.5099,2,0
0.001882,0.761912,11.5096,2,0
0.00151,0.611311,11.5079,2,0
-0.001715,-0.716935,11.5065,2,0
0.001117,0.661354,11.5017,2,0
0.003752,1.51897,11.5009,2,0
0.002623,1.13003,11.4953,2,0
0.001752,1.12895,11.494,2,1
-0.000101,-0.0767661,11.4928,2,0
0.004979,1.64833,11.4917,2,3
0.002779,1.41147,11.4882,2,0
-0.001175,-0.657938,11.4798,2,0
0.003752,1.51897,11.4796,2,0
0.00324,2.07853,11.4789,2,0
0.001416,0.923187,11.4758,2,0
0.000477,0.224471,11.4707,2,0
-0.004154,-2.84571,11.4695,2,0
0.000952,0.750964,11.4694,2,0
-0.003043,-1.86929,11.4605,2,2
0.001577,0.934859,11.4599,2,0
0.004213,1.7056,11.459,2,0
0.003171,1.36611,11.4498,2,0
0.006051,4.33515,11.4428,2,0
0.000375,0.22203,11.4409,2,0
0.000551,0.230339,11.4361,2,0
-0.003287,-1.54683,11.4163,2,0
-0.00285,-1.99765,11.415,2,0
0.00271,1.09712,11.4142,2,0
0.001406,0.793446,11.4112,2,0
0.000947,0.283317,11.3969,2,0
0.000927,0.443345,11.3968,2,0
0.001656,0.84798,11.3923,2,0
-9.8e-005,-0.0396745,11.3906,2,0
-0.003254,-1.3603,11.3892,2,0
-0.010082,-4.86329,11.3892,2,0
0.000356,0.292852,11.3856,2,0
0.017356,7.00605,11.3848,2,0
0.003752,1.51897,11.3807,2,0
0.001837,0.743694,11.3692,2,0
0.000362,0.146553,11.3592,2,0
-0.001071,-0.844834,11.349,2,0
-0.000203,-0.0979219,11.3391,2,0
0.010063,4.07392,11.3314,2,0
-0.000276,-0.115379,11.3314,2,0
0.002588,1.11495,11.3245,2,0
-0.000518,-0.233533,11.3146,2,0
0.004235,1.8245,11.309,2,0
0.016014,7.91549,11.3078,2,0
0.002695,1.26824,11.3069,2,0
-0.0006,-0.282354,11.3026,2,0
-0.001542,-0.664315,11.3004,2,0
0.000931,0.401088,11.2982,2,0
-0.001542,-0.664315,11.2981,2,0
-0.000307,-0.172572,11.2949,2,0
-0.001703,-0.888377,11.2801,2,0
0.001362,0.549795,11.2783,2,0
0.003506,1.42335,11.277,2,0
0.003752,1.51897,11.2754,2,0
-0.002784,-1.12381,11.2732,2,0
0.001804,0.754141,11.2709,2,0
-0.008473,-3.98731,11.257,2,0
0.005956,2.06841,11.2519,2,1
0.002384,1.62098,11.2511,2,0
0.004393,1.89257,11.2498,2,0
-0.001468,-0.594308,11.243,2,0
-0.000578,-0.23332,11.2272,2,0
0.001203,0.487024,11.2258,2,0
-0.004015,-1.67842,11.2157,2,0
0.001864,0.752436,11.2138,2,0
0.000217,0.0696541,11.2026,2,0
0.005108,3.19488,11.1899,2,0
0.003049,1.80747,11.187,2,0
7.4e-005,0.0348236,11.179,2,0
0.000231,0.09378,11.179,2,0
-0.000441,-0.247897,11.1756,2,0
0.002224,1.31841,11.1739,2,0
0.003342,1.07481,11.1718,2,0
-0.001096,-0.45817,11.17,2,0
-0.001471,-0.692237,11.1614,2,0
0.000843,0.473871,11.1611,2,0
0.00125,0.522548,11.1534,2,0
0.003752,1.51897,11.1483,2,0
0.002666,1.14855,11.148,2,0
-0.001249,-0.579049,11.1394,2,0
-0.0007,-0.292627,11.1338,2,0
0.000843,0.473871,11.1318,2,0
-0.000622,-0.292707,11.1309,2,0
0.00115,0.646443,11.1302,2,0
0.001511,1.08253,11.1294,2,0
0.004842,2.27859,11.1219,2,0
0.006307,2.54593,11.1177,2,0
0.003201,2.29331,11.1145,2,0
3.2e-005,0.0137861,11.1086,2,0
0.003073,2.08946,11.0958,2,0
-0.001927,-0.830179,11.0931,2,0
-0.000776,-0.61213,11.0922,2,0
0.002443,0.989028,11.0913,2,0
0.001897,0.765757,11.0877,2,0
-1.6e-005,-0.00647747,11.0701,2,0
-0.00233,-0.91793,11.0665,2,0
0.001304,0.526382,11.0643,2,0
0.001009,0.537853,11.0617,2,2
0.005134,2.07846,11.0611,2,0
-0.003383,-1.36455,11.0592,2,0
0.003752,1.51897,11.0513,2,0
-0.001703,-0.888377,11.0415,2,0
0.01259,6.02126,11.0407,2,0
0.002727,1.1008,11.0374,2,0
0.001502,0.800249,11.0333,2,0
0.007246,5.25946,11.0329,2,0
-0.010409,-6.45433,11.0321,2,0
0.000636,0.444853,11.029,2,0
0.003752,1.51897,11.0086,2,0
0.007816,3.16424,11.0077,2,0
-3.4e-005,-0.016,11.0001,2,0
0.004811,3.08636,10.9982,2,0
0.001407,0.569612,10.9977,2,0
0.002744,1.28165,10.9963,2,0
-0.00595,-2.66327,10.996,2,0
0.003347,1.39917,10.9811,2,0
0.001541,0.623861,10.981,2,0
-0.008818,-3.79892,10.9791,2,0
0.001328,0.519667,10.9754,2,0
-0.014627,-7.53565,10.974,2,3
0.004245,2.09856,10.9678,2,0
0.000238,0.161826,10.9601,2,0
0.002939,1.18983,10.9598,2,0
0.006109,1.65343,10.9574,2,1
-0.008473,-3.98731,10.9558,2,0
-0.002371,-0.991168,10.9529,2,0
0.001485,0.60119,10.9528,2,0
0.001675,0.676143,10.9522,2,0
0.001494,0.738574,10.9486,2,0
-0.013585,-6.57808,10.9463,2,0
0.002208,1.12145,10.937,2,0
0.000482,0.201494,10.9306,2,0
-0.001578,-0.636987,10.9194,2,0
-0.01172,-7.64107,10.9163,2,0
0.003147,1.27034,10.9075,2,0
0.000243,0.101583,10.9052,2,0
0.001547,0.869607,10.9011,2,0
-0.0008,-0.41387,10.8891,2,0
0.000843,0.473871,10.8788,2,0
-0.001186,-0.907637,10.8786,2,0
0.003192,1.29269,10.8785,2,0
0.002489,1.01047,10.8758,2,0
0.003127,1.47153,10.875,2,0
0.004315,1.74748,10.8748,2,0
-0.008473,-3.98731,10.8713,2,0
0.001301,0.389224,10.8647,2,0
-0.000251,-0.108134,10.864,2,0
-0.0009,-0.463669,10.8511,2,3
0.005809,2.3449,10.8447,2,0
0.001322,0.947202,10.8441,2,0
0.00281,1.21059,10.841,2,0
0.001076,0.604907,10.8407,2,0
-0.000681,-0.220146,10.8289,2,0
0.00014,0.0786975,10.8275,2,0
-0.009901,-5.53746,10.8248,2,0
0.008218,3.43544,10.8236,2,0
-0.011246,-5.55957,10.8191,2,0
0.005353,2.51907,10.8185,2,0
-0.009661,-6.12681,10.8111,2,0
0.000528,0.330246,10.7925,2,0
0.001482,0.827992,10.7922,2,2
0.002848,1.15337,10.7883,2,0
0.000377,0.211921,10.7809,2,0
0.000174,0.0978097,10.7791,2,0
-0.010259,-5.30163,10.7789,2,0
0.003274,1.32545,10.7748,2,0
0.001167,0.588152,10.7696,2,3
0.001305,0.675125,10.7362,2,0
0.006051,4.33515,10.7349,2,0
0.021572,10.4059,10.7339,2,1
0.001053,0.426298,10.7338,2,0
0.001374,0.591939,10.732,2,0
-0.000527,-0.213352,10.7206,2,0
0.000636,0.357511,10.7168,2,0
0.002339,0.879534,10.7105,2,3
-0.00043,-0.179756,10.7095,2,0
-0.001542,-0.664315,10.709,2,0
-0.002767,-1.19206,10.7059,2,0
0.002527,1.02007,10.6841,2,0
0.003272,1.32508,10.6793,2,0
-0.00307,-1.28338,10.6713,2,0
0.017311,10.33,10.67,2,0
-0.001468,-0.61368,10.667,2,0
0.00263,1.06509,10.6587,2,0
0.002985,1.39742,10.6548,2,0
-0.008473,-3.98731,10.6465,2,0
-0.000559,-0.226306,10.6375,2,0
-0.009711,-7.38095,10.6324,2,0
0.003909,1.58253,10.6279,2,0
0.002849,1.22739,10.6237,2,0
0.004094,1.32346,10.6084,2,0
-0.001015,-0.570557,10.6054,2,0
0.004972,2.07849,10.6018,2,0
0.003752,1.51897,10.6011,2,0
-0.008473,-3.98731,10.5991,2,0
-0.000103,-0.0430579,10.5968,2,0
0.000165,0.0689763,10.5938,2,0
0.00199,1.01901,10.5905,2,0
-0.001963,-1.16226,10.585,2,0
0.002561,1.0368,10.5801,2,0
0.005216,2.10553,10.5662,2,0
-0.008473,-3.98731,10.5611,2,0
0.002803,1.20757,10.5587,2,0
0.005242,2.12289,10.5546,2,0
0.00358,1.20558,10.5509,2,0
0.002373,0.992005,10.5439,2,0
0.006536,2.11289,10.5386,2,0
0.005186,2.16795,10.5371,2,0
0.000702,0.415641,10.5348,2,0
0.00274,1.10605,10.5338,2,0
0.005492,2.22339,10.5264,2,0
0.001015,0.661748,10.5201,2,0
0.001856,0.751386,10.5186,2,0
0.017356,7.00605,10.5157,2,0
-0.012644,-5.10397,10.5149,2,0
0.001991,0.77911,10.5112,2,0
0.003752,1.51897,10.5098,2,0
0.000345,0.103215,10.4952,2,0
0.009269,3.8748,10.4945,2,0
0.001866,0.87812,10.4941,2,0
0.004991,1.87957,10.4898,2,1
0.00482,1.54716,10.4811,2,0
6.6e-005,0.0371002,10.4807,2,0
0.002961,1.19874,10.4805,2,0
0.000252,0.159409,10.4724,2,0
0.003424,1.32345,10.468,2,0
0.001584,0.682409,10.4669,2,0
-0.000167,-0.0719459,10.4658,2,0
0.00066,0.267504,10.4625,2,3
-0.001378,-0.684567,10.4624,2,0
0.001366,0.553198,10.456,2,0
0.005272,1.57724,10.4543,2,0
0.003006,1.21736,10.4467,2,0
0.003697,1.19512,10.4463,2,0
-0.010409,-6.45433,10.4444,2,0
0.001027,0.415911,10.441,2,0
-0.013503,-7.80173,10.4357,2,0
-0.008473,-3.98731,10.4276,2,0
-0.002153,-0.871624,10.426,2,0
0.00223,0.903099,10.4243,2,0
-0.000452,-0.146118,10.4223,2,0
0.002087,0.842453,10.4209,2,0
0.000202,0.081778,10.4191,2,0
0.002214,0.890848,10.4172,2,0
0.001985,0.894909,10.4111,2,0
0.001905,0.615827,10.4086,2,0
-0.000254,-0.111687,10.4071,2,1
0.003739,1.5137,10.397,2,0
0.000786,0.318206,10.3943,2,0
0.003087,1.35739,10.3815,2,1
-0.008473,-3.98731,10.3698,2,0
0.006435,2.5976,10.3698,2,0
0.000696,0.290955,10.3693,2,0
0.007078,2.2881,10.369,2,0
0.001294,0.523865,10.3678,2,0
-0.001261,-0.70891,10.3656,2,0
0.002983,1.20805,10.3592,2,0
0.003876,1.81453,10.3579,2,0
0.001506,0.629565,10.345,2,0
-0.002123,-0.999062,10.3441,2,0
-0.001207,-0.504572,10.3439,2,0
0.00508,1.64221,10.3435,2,0
0.002321,0.939637,10.3433,2,0
-0.002871,-1.1623,10.3271,2,0
-0.003129,-1.8257,10.3247,2,1
0.000829,0.390119,10.3158,2,0
0.001175,0.506207,10.3124,2,0
0.00082,0.646838,10.3055,2,0
0.000843,0.473871,10.3049,2,0
0.001153,0.683508,10.3038,2,0
-0.001521,-0.61597,10.3013,2,0
0.007381,4.37015,10.2995,2,0
0.001748,0.816445,10.2933,2,0
-0.000787,-0.31861,10.2658,2,0
0.003251,1.31614,10.2522,2,0
0.004349,1.76066,10.2493,2,0
-0.003139,-1.31222,10.2476,2,0
0.00065,0.263147,10.2446,2,0
0.009576,2.86488,10.2438,2,0
-0.000231,-0.141825,10.242,2,0
0.003466,1.40365,10.2344,2,0
0.006798,2.84182,10.2301,2,0
-0.011246,-5.55957,10.2237,2,0
0.001376,0.693485,10.2128,2,3
0.004497,1.45374,10.2107,2,0
0.000276,0.129883,10.2102,2,0
0.000103,0.0416987,10.2033,2,0
0.003892,1.57617,10.195,2,0
-0.000165,-0.0776473,10.1925,2,0
0.002336,0.94571,10.1924,2,0
0.002456,1.53615,10.1836,2,0
0.015104,4.88265,10.1817,2,0
0.009269,3.8748,10.1706,2,0
0.00285,1.1538,10.1693,2,0
-0.012644,-5.10397,10.1683,2,0
0.000843,0.473871,10.1669,2,0
-0.004602,-2.82697,10.1654,2,2
-0.008473,-3.98731,10.1465,2,0
0.000339,0.175377,10.146,2,0
0.003565,1.4473,10.1413,2,0
0.005158,1.65566,10.1411,2,1
0.000917,0.431531,10.1403,2,0
-0.001804,-0.728216,10.1343,2,0
0.00616,2.49466,10.1308,2,0
-0.005136,-1.66031,10.128,2,0
0.00599,2.41797,10.1251,2,0
0.004905,3.51412,10.1218,2,0
0.003126,1.26596,10.1191,2,0
0.001663,0.934813,10.1171,2,0
0.000669,0.314824,10.1149,2,0
-0.011032,-4.46771,10.1118,2,0
0.01008,4.06897,10.1109,2,0
0.011986,5.16374,10.11,2,0
0.00914,3.68952,10.1064,2,0
0.002623,1.0619,10.1033,2,0
0.00108,0.437229,10.0999,2,0
0.002799,1.31718,10.099,2,0
0.00075,0.295471,10.0951,2,0
0.000348,0.140885,10.0933,2,0
-0.000194,-0.0912944,10.0884,2,0
-0.000646,-0.270053,10.0866,2,0
0.003025,1.22506,10.0852,2,0
0.001574,0.637221,10.0844,2,0
-0.001762,-0.706116,10.0795,2,3
0.00142,0.575067,10.0795,2,0
-0.002038,-1.55967,10.0783,2,0
-0.000356,-0.144172,10.0766,2,0
-0.000153,-0.0619408,10.0758,2,0
-0.001567,-0.655066,10.0735,2,0
-0.003524,-1.42666,10.0729,2,0
0.000141,0.0570827,10.0706,2,0
-2.6e-005,-0.0105259,10.0705,2,0
0.000589,0.238452,10.0669,2,0
-0.002355,-0.98448,10.0565,2,0
0.000955,0.385502,10.0553,2,0
-0.018308,-7.41432,10.0545,2,0
0.002765,1.70165,10.0518,2,0
0.001049,0.424821,10.0488,2,0
0.004577,2.78932,10.042,2,0
0.002769,1.30306,10.0417,2,0
-0.000597,-0.45688,10.0417,2,0
0.001051,0.339756,10.0416,2,0
0.003963,1.85101,10.0394,2,0
0.002278,1.63204,10.0366,2,0
0.001579,0.660082,10.0306,2,0
0.001183,0.509653,10.025,2,0
-0.001261,-0.70891,10.0195,2,0
-0.001449,-0.814519,10.0151,2,0
0.001095,0.784497,10.0113,2,0
-0.001337,-0.83725,10.0074,2,0
0.003438,1.39185,10.0066,2,0
0.003752,1.51897,10.005,2,0
0.002019,0.817375,10.0049,2,0
-5.8e-005,-0.0273561,9.99394,2,0
-0.007924,-3.31253,9.99362,2,0
-0.000206,-0.0833974,9.98989,2,0
0.002469,1.46185,9.98752,2,0
-0.003484,-1.45644,9.98355,2,0
0.003134,1.26877,9.97491,2,0
-0.008473,-3.98731,9.96959,2,0
0.015801,10.5775,9.96425,2,1
0.017356,7.00605,9.96356,2,0
0.002854,0.922609,9.95943,2,0
0.003525,1.42293,9.95513,2,0
0.002093,0.847334,9.95329,2,0
-0.008473,-3.98731,9.95304,2,0
0.003129,1.47247,9.953,2,0
0.000102,0.0412938,9.94686,2,0
0.003027,0.922971,9.94612,2,0
-0.001054,-0.801104,9.94323,2,0
0.00021,0.118046,9.94093,2,0
-0.018308,-7.41432,9.93808,2,0
-0.003328,-1.39123,9.93379,2,0
-1.4e-005,-0.00730315,9.93187,2,0
0.000843,0.473871,9.92945,2,0
-0.000844,-0.397178,9.9251,2,0
0.009269,3.8748,9.92408,2,0
0.002214,0.896319,9.91915,2,0
-0.000112,-0.0761536,9.91566,2,0
0.003262,1.32103,9.91365,2,0
0.000843,0.473871,9.9098,2,0
0.00035,0.146313,9.90935,2,0
0.002891,1.24548,9.90866,2,0
0.000156,0.0876915,9.90573,2,0
0.017356,7.00605,9.90453,2,0
0.009269,3.8748,9.90263,2,0
-0.012644,-5.10397,9.89587,2,0
0.001729,0.751348,9.89271,2,2
0.001703,0.689676,9.8843,2,0
0.003449,1.3963,9.88212,2,0
-0.000732,-0.306004,9.8794,2,0
0.005046,2.04283,9.87417,2,0
0.003136,1.26958,9.86752,2,0
0.007238,2.93024,9.86674,2,0
-0.008473,-3.98731,9.85845,2,0
0.00239,0.772613,9.85564,2,0
0.001146,0.717642,9.85311,2,0
0.001535,0.454586,9.85309,2,2
-0.001923,-0.757588,9.85262,2,0
0.002969,1.20197,9.84868,2,0
0.002311,1.08753,9.84611,2,0
-0.005049,-2.27627,9.83104,2,0
-0.000903,-0.377488,9.82956,2,0
0.001918,0.776486,9.82853,2,0
0.001134,0.505308,9.82755,2,0
-0.015104,-4.88265,9.82278,2,0
0.001667,0.672913,9.82177,2,0
0.002564,1.03801,9.82057,2,0
0.002154,0.900454,9.81903,2,0
0.000153,0.0790671,9.80806,2,0
0.002767,1.12057,9.80772,2,0
0.003768,1.52544,9.80689,2,0
0.00082,0.332081,9.80474,2,0
-0.000252,-0.105346,9.7979,2,0
0.008609,3.48645,9.79361,2,0
-0.000315,-0.182,9.78499,2,0
-0.008473,-3.98731,9.77892,2,0
-0.001735,-1.13116,9.77534,2,0
0.001945,0.628758,9.76972,2,0
0.003074,1.2449,9.76909,2,0
0.000455,0.183526,9.76885,2,0
0.003947,1.65,9.76245,2,0
0.000666,0.417059,9.75872,2,0
0.004835,2.02121,9.75746,2,0
0.002045,0.828178,9.74662,2,0
0.009269,3.8748,9.74586,2,0
-0.003933,-1.64414,9.74045,2,0
0.000843,0.473871,9.73406,2,0
0.017356,7.00605,9.7329,2,0
0.017356,7.00605,9.73023,2,0
-0.000109,-0.0441425,9.72826,2,0
-0.000404,-0.15916,9.72427,2,0
0.000856,0.345539,9.72259,2,0
0.00175,1.12114,9.71965,2,0
0.003132,1.26022,9.71491,2,0
0.003752,1.51897,9.70991,2,0
-0.003908,-1.63369,9.70264,2,0
0.021527,10.1304,9.69562,2,0
0.004407,1.77896,9.69189,2,0
0.002477,0.999884,9.68895,2,0
0.002015,0.816029,9.68824,2,0
0.000843,0.473871,9.68007,2,0
9.9e-005,0.0413858,9.67769,2,0
-0.00133,-0.681047,9.67632,2,0
0.003752,1.51897,9.67574,2,0
0.001927,0.78013,9.67402,2,0
0.002034,0.823448,9.66629,2,0
0.004391,1.47869,9.65638,2,0
0.002169,0.878101,9.65491,2,0
0.002742,1.11008,9.65412,2,0
0.000957,0.593409,9.65203,2,0
-0.000202,-0.0844437,9.6418,2,0
0.000904,0.365977,9.64177,2,0
-0.000434,-0.181429,9.63945,2,0
0.00448,2.22559,9.63547,2,0
-0.00133,-0.681047,9.63367,2,0
0.001009,0.567184,9.62859,2,0
-0.00099,-0.757639,9.6277,2,0
0.000761,0.503983,9.62112,2,3
0.000586,0.236549,9.61755,2,0
0.003035,1.02935,9.61404,2,0
0.000511,0.164341,9.6124,2,0
0.00024,0.101643,9.6113,2,3
-0.001114,-0.626207,9.6112,2,0
-0.008473,-3.98731,9.60805,2,0
0.001154,0.482416,9.59911,2,0
0.000843,0.473871,9.58012,2,0
-0.001275,-1.06024,9.57792,2,0
0.009269,3.8748,9.5773,2,0
-0.003448,-1.4414,9.57355,2,0
0.013588,6.75029,9.57331,2,0
0.002613,1.22965,9.55898,2,0
0.000189,0.0790092,9.55361,2,0
0.003752,1.51897,9.55021,2,0
0.017356,7.00605,9.54921,2,0
0.002192,0.887413,9.54274,2,0
-0.002899,-1.21189,9.54153,2,0
0.003752,1.51897,9.53241,2,0
0.002609,1.05623,9.52642,2,0
-0.008473,-3.98731,9.52576,2,0
-0.003456,-1.62636,9.52391,2,0
0.002273,0.920513,9.52371,2,0
0.000263,0.106509,9.51962,2,0
-2.3e-005,-0.0144029,9.51947,2,0
0.000348,0.206044,9.50946,2,0
-0.00034,-0.164009,9.50655,2,1
0.003752,1.51897,9.50471,2,0
0.000999,0.561563,9.50266,2,0
0.004494,1.87866,9.49833,2,0
0.000812,0.339447,9.49582,2,0
0.001067,0.459679,9.48925,2,0
0.000797,0.257645,9.48426,2,0
-0.001239,-0.517949,9.48089,2,0
0.001134,0.505308,9.47698,2,0
-0.00112,-0.62958,9.46649,2,0
5.6e-005,0.031479,9.4584,2,0
-0.012644,-5.10397,9.4549,2,0
0.002134,0.650684,9.44796,2,0
-0.014145,-8.9874,9.44308,2,0
-1.9e-005,-0.00856588,9.44269,2,0
9.6e-005,0.0459127,9.43199,2,0
0.002029,0.947693,9.42842,2,0
0.002355,1.25472,9.41904,2,0
0.007381,4.37015,9.41368,2,0
0.017356,7.00605,9.41036,2,0
0.004454,1.49482,9.40625,2,3
0.001442,0.853781,9.40014,2,0
-0.001438,-0.676708,9.39942,2,0
0.003752,1.51897,9.39788,2,0
-0.000254,-0.102864,9.39534,2,0
0.009269,3.8748,9.38932,2,0
-0.000994,-0.41553,9.3849,2,0
0.00193,1.12289,9.38435,2,0
0.004362,1.76592,9.38273,2,0
0.006174,2.47628,9.37468,2,3
0.004597,1.86106,9.3684,2,0
-0.002016,-0.842765,9.36676,2,0
0.000843,0.473871,9.35963,2,0
-0.002096,-0.986356,9.34712,2,0
-0.002094,-0.847738,9.34673,2,0
0.004536,1.95417,9.3436,2,0
-0.011032,-4.46771,9.33513,2,0
0.004868,1.97077,9.33237,2,0
0.009269,3.8748,9.32923,2,0
-0.008473,-3.98731,9.32875,2,0
-0.002068,-0.834784,9.31984,2,0
0.016497,9.5316,9.31957,2,0
0.017375,4.70262,9.3173,2,1
-0.001103,-0.461096,9.31595,2,0
0.017356,7.00605,9.30628,2,0
-0.010409,-6.45433,9.30059,2,0
0.001805,0.730983,9.2941,2,0
0.002545,0.816911,9.29346,2,0
0.013588,6.75029,9.28852,2,0
0.002826,1.14446,9.28489,2,0
0.000629,0.25473,9.25542,2,0
-0.005049,-2.27627,9.25048,2,0
0.000471,0.271481,9.23822,2,0
0.000546,0.176505,9.21379,2,0
0.000386,0.230318,9.19137,2,3
0.002535,1.42499,9.17994,2,0
0.009269,3.8748,9.1751,2,0
0.005778,1.86785,9.16099,2,0
0.009269,3.8748,9.15572,2,0
0.000843,0.473871,9.14827,2,0
-0.00065,-0.271725,9.14638,2,0
-0.000271,-0.152336,9.14352,2,0
0.018968,7.6816,9.14196,2,0
0.002162,0.875268,9.13404,2,0
0.005587,2.69383,9.1279,2,1
0.017356,7.00605,9.12748,2,0
0.001741,0.530853,9.12228,2,0
0.00108,0.663435,9.12226,2,2
0.002797,1.7738,9.12218,2,0
0.001785,0.722642,9.10799,2,0
-0.001271,-0.828652,9.1058,2,0
0.017356,7.00605,9.09319,2,0
0.001967,1.16462,9.08549,2,0
0.001902,0.770009,9.07425,2,0
0.00199,0.800717,9.06521,2,0
0.000843,0.473871,9.0598,2,0
-0.012644,-5.10397,9.05173,2,0
0.002834,1.1477,9.05046,2,0
-0.004887,-1.9117,9.04828,2,3
-0.006143,-2.73731,9.02205,2,0
-0.003337,-1.8468,9.0206,2,0
0.017356,7.00605,9.00574,2,0
0.003668,1.48546,8.99701,2,0
-0.011032,-4.46771,8.99404,2,0
-0.000111,-0.0612592,8.98843,2,1
0.017356,7.00605,8.98242,2,0
0.002255,0.72729,8.97355,2,3
-0.008473,-3.98731,8.97338,2,0
0.004922,1.99263,8.97027,2,0
0.017356,7.00605,8.96962,2,0
0.012374,5.49952,8.96362,2,0
-0.001758,-0.709647,8.95801,2,0
0.001849,0.545005,8.95685,2,3
-0.00077,-0.362354,8.95179,2,0
0.000865,0.266011,8.9513,2,0
0.009269,3.8748,8.94909,2,0
-7.1e-005,-0.0462897,8.94839,2,0
0.002153,0.900036,8.93583,2,0
0.005525,1.78606,8.92901,2,0
0.000133,0.0538619,8.92776,2,0
0.000437,0.251884,8.9189,2,0
-3.6e-005,-0.0169412,8.91282,2,0
0.003752,1.51897,8.90768,2,0
0.001422,0.814077,8.90505,2,0
-0.015384,-7.00189,8.89776,2,0
-0.009901,-5.53746,8.8933,2,0
0.009269,3.8748,8.87759,2,0
0.017356,7.00605,8.87587,2,0
0.002726,0.881231,8.87417,2,0
-0.004409,-2.47841,8.87248,2,0
0.004915,1.50181,8.87056,2,1
0.003959,1.59812,8.87019,2,0
0.002808,1.31154,8.85751,2,0
0.005578,1.7008,8.85743,2,0
0.006241,3.9479,8.8565,2,0
0.004784,1.33264,8.8538,2,0
0.000667,0.374937,8.85363,2,0
0.000843,0.473871,8.83687,2,0
8.8e-005,0.0630463,8.83667,2,0
0.007957,3.9529,8.83387,2,0
0.009269,3.8748,8.83082,2,0
-0.012644,-5.10397,8.82815,2,0
-0.015011,-6.27517,8.82315,2,0
0.009269,3.8748,8.82167,2,0
0.009269,3.8748,8.81919,2,0
-0.012644,-5.10397,8.81792,2,0
0.007381,4.37015,8.81673,2,0
0.000843,0.473871,8.81047,2,0
-0.012644,-5.10397,8.80834,2,0
-0.001257,-0.616171,8.80766,2,3
-0.00202,-0.844437,8.80721,2,0
0.000812,0.347428,8.80471,2,0
-0.008473,-3.98731,8.80232,2,0
-0.000965,-0.499722,8.79386,2,1
0.001797,0.7275,8.79264,2,0
0.007381,4.37015,8.79211,2,0
-0.000326,-0.13628,8.78341,2,0
0.00141,0.569171,8.78112,2,0
0.007381,4.37015,8.77869,2,0
-0.002715,-1.62012,8.76903,2,0
0.002672,1.08174,8.76855,2,0
-0.000816,-0.678553,8.76567,2,0
0.007381,4.37015,8.76342,2,0
-0.003155,-1.35922,8.76258,2,0
0.00128,0.602355,8.76079,2,0
0.001718,0.71819,8.75933,2,0
0.003657,1.23577,8.748,2,0
0.004722,1.4398,8.7359,2,0
-0.008473,-3.98731,8.72201,2,0
2.7e-005,0.0109344,8.71495,2,0
0.006932,2.11365,8.71417,2,0
7.3e-005,0.0294677,8.70185,2,0
0.009269,3.8748,8.69105,2,0
0.003752,1.51897,8.68552,2,0
-0.000318,-0.14488,8.68115,2,0
-0.012644,-5.10397,8.67997,2,0
0.002447,0.993419,8.67247,2,0
-0.002849,-1.15378,8.6548,2,0
-0.012644,-5.10397,8.65251,2,0
0.003146,1.36706,8.63124,2,3
0.002844,1.15175,8.62952,2,0
0.002684,1.15782,8.62736,2,0
0.003965,2.06836,8.62641,2,0
0.009269,3.8748,8.6257,2,0
-0.001711,-0.838231,8.62533,2,0
0.004284,1.65586,8.62153,2,0
0.001929,0.7812,8.61711,2,0
0.003119,1.26312,8.60608,2,0
-0.008473,-3.98731,8.6011,2,0
-0.013688,-6.79996,8.59724,2,0
0.009732,3.94124,8.58964,2,0
-0.002248,-0.93975,8.58913,2,0
-0.000132,-0.055181,8.58905,2,0
0.003224,1.30521,8.58863,2,0
0.003411,1.60518,8.58238,2,0
0.002225,0.901074,8.57248,2,0
-0.012644,-5.10397,8.57186,2,0
0.002646,1.10613,8.5663,2,0
0.000302,0.167136,8.5663,2,0
0.007381,4.37015,8.56388,2,0
0.017356,7.00605,8.54917,2,0
0.009269,3.8748,8.53385,2,0
0.000791,0.32023,8.52153,2,0
0.005392,2.25406,8.5205,2,0
-0.001382,-0.650355,8.51067,2,0
0.002582,1.04565,8.50868,2,0
0.003679,1.48941,8.50732,2,0
0.001368,0.571876,8.50582,2,0
-0.000157,-0.0929567,8.50424,2,0
-0.00133,-0.681047,8.49958,2,0
0.001395,0.656472,8.49588,2,0
3.7e-005,0.0165615,8.47382,2,0
0.000843,0.473871,8.47055,2,0
-0.000701,-0.293045,8.4555,2,0
0.017356,7.00605,8.45036,2,0
0.001196,0.691022,8.44918,2,0
0.017356,7.00605,8.44479,2,0
-0.011032,-4.46771,8.44338,2,0
0.007381,4.37015,8.44143,2,0
0.003332,1.77705,8.41238,2,1
-0.000651,-0.220792,8.4118,2,0
-0.008473,-3.98731,8.40544,2,0
0.00101,0.435122,8.40212,2,0
0.000843,0.473871,8.40097,2,0
0.002654,1.85635,8.39548,2,0
-0.001831,-0.765428,8.38802,2,0
0.003752,1.51897,8.38562,2,0
-0.012309,-4.61656,8.38367,2,0
0.000162,0.0845079,8.38203,2,0
0.01537,7.52987,8.38118,2,0
0.01329,6.56905,8.37393,2,0
0.001601,0.648368,8.37348,2,0
-0.000389,-0.130553,8.37204,2,3
0.002009,1.16672,8.37006,2,0
0.004088,1.24648,8.36696,2,0
-0.008473,-3.98731,8.36211,2,0
0.009269,3.8748,8.36,2,0
0.00065,0.305883,8.35557,2,0
-0.009258,-5.74042,8.35425,2,0
0.000105,0.065674,8.35278,2,0
0.001618,0.656866,8.34423,2,0
-0.000513,-0.28837,8.31859,2,0
0.001538,0.62084,8.3106,2,0
0.001572,0.551872,8.30462,2,3
0.006851,2.78133,8.30335,2,0
0.003035,0.92541,8.30221,2,0
0.003626,1.4637,8.30178,2,0
0.00324,1.31169,8.30062,2,0
0.001942,1.09165,8.29919,2,0
0.001567,0.634599,8.29525,2,0
0.000361,0.146197,8.29312,2,0
0.00055,0.317016,8.26771,2,0
0.014054,5.65492,8.26489,2,0
0.001229,0.440116,8.26415,2,3
0.00082,0.485506,8.26275,2,0
0.000512,0.303145,8.24714,2,0
0.002795,1.25441,8.24518,2,3
-0.00029,-0.171915,8.23747,2,0
-0.014557,-7.33653,8.23603,2,3
-0.008004,-3.23362,8.23142,2,2
0.007381,4.37015,8.21999,2,0
0.000758,0.254395,8.21783,2,3
-0.000628,-0.254241,8.20479,2,0
0.001944,0.787275,8.20291,2,0
0.009269,3.8748,8.19785,2,0
-0.000648,-0.270889,8.19367,2,0
0.001303,0.70704,8.17802,2,0
-0.005332,-2.99725,8.15448,2,0
0.018093,8.86389,8.15365,2,0
-0.002284,-1.07483,8.1523,2,0
0.000881,0.356785,8.14641,2,0
0.001125,0.269071,8.13856,2,0
0.005253,2.12663,8.1375,2,0
-0.000293,-0.0990101,8.13284,2,0
0.000928,0.375819,8.13189,2,0
0.003383,1.75015,8.12566,2,0
-0.000912,-0.411162,8.11843,2,0
0.007213,3.01259,8.11011,2,3
-0.000452,-0.152739,8.09913,2,0
0.002387,0.963554,8.09328,2,0
-0.012644,-5.10397,8.08411,2,0
-0.012644,-5.10397,8.07192,2,0
0.000843,0.473871,8.05896,2,0
-0.010259,-5.30163,8.05582,2,0
-0.008473,-3.98731,8.05197,2,0
0.018519,5.54039,8.05035,2,0
0.005033,3.06716,8.04385,2,0
-0.001621,-0.535057,8.03409,2,3
0.001576,0.658828,8.03167,2,0
-0.000934,-0.378248,8.02186,2,0
-0.002461,-1.02879,8.00722,2,0
0.002552,1.37944,8.00532,2,0
-0.00783,-5.55046,7.99972,2,0
-9.1e-005,-0.0380415,7.98894,2,0
0.006676,2.71028,7.97741,2,0
0.000219,0.0886899,7.97689,2,0
-0.011032,-4.46771,7.97505,2,0
-0.006378,-2.66625,7.97373,2,0
-0.012644,-5.10397,7.96924,2,0
0.00663,2.1949,7.96429,2,3
-0.000122,-0.0874051,7.94275,2,0
0.009269,3.8748,7.93573,2,0
-0.000555,-0.261177,7.93226,2,0
0.001935,1.26156,7.93063,2,0
0.001454,0.607827,7.9282,2,0
0.0004,0.169404,7.91538,2,3
0.001653,0.669427,7.88506,2,0
-0.008473,-3.98731,7.88177,2,0
0.005592,2.18749,7.87419,2,3
0.009269,3.8748,7.86913,2,0
0.003955,1.2695,7.86754,2,0
0.009269,3.8748,7.86125,2,0
0.000655,0.26526,7.85601,2,0
0.003991,1.66839,7.84851,2,0
1.9e-005,0.00766968,7.84238,2,0
0.00061,0.247036,7.83901,2,0
0.003752,1.51897,7.80422,2,0
0.000162,0.0656063,7.80172,2,0
0.011452,4.08487,7.79845,2,1
0.006076,1.44912,7.79281,2,0
0.003249,1.02147,7.78868,2,0
0.00026,0.105294,7.78023,2,0
0.003089,1.24693,7.75997,2,0
-0.018308,-7.41432,7.75684,2,0
-0.012644,-5.10397,7.74411,2,0
-0.00205,-0.964709,7.72362,2,0
0.000978,0.485854,7.7157,2,0
-0.001519,-0.679916,7.71513,2,0
0.002674,1.13247,7.70981,2,3
0.009269,3.8748,7.70273,2,0
0.018609,4.43822,7.69522,2,0
0.003796,0.92945,7.69252,2,2
0.003084,1.24853,7.68944,2,0
0.001045,0.661041,7.67778,2,0
7e-005,0.0299507,7.67133,2,0
0.004552,1.90291,7.65451,2,0
8.7e-005,0.0723458,7.65104,2,0
0.005538,2.23551,7.63686,2,0
0.003178,1.64232,7.63534,2,0
0.007381,4.37015,7.63257,2,0
0.003123,0.747683,7.62079,2,0
0.00502,2.0323,7.61659,2,0
-0.001618,-0.897952,7.61048,2,0
0.017008,7.39067,7.60442,2,3
-0.002213,-0.896214,7.59958,2,0
0.002466,0.730511,7.58666,2,1
0.004425,1.40808,7.57793,2,1
0.003582,0.922502,7.57505,2,0
0.009269,3.8748,7.57367,2,0
-0.001156,-0.468153,7.56761,2,0
-0.000208,-0.0869519,7.56511,2,0
0.009269,3.8748,7.55688,2,0
0.010991,3.35129,7.5553,2,0
-0.001703,-0.888377,7.54184,2,0
0.002726,0.612286,7.52625,2,1
0.016613,7.7595,7.51963,2,0
0.001403,0.568183,7.4742,2,0
-0.007185,-3.9764,7.47234,2,0
-0.001006,-0.473413,7.46543,2,0
0.004431,1.39308,7.45749,2,0
0.002052,1.15601,7.45388,2,3
0.004493,1.87825,7.45004,2,0
0.004884,2.4641,7.44967,2,0
0.012461,3.35809,7.44789,2,1
0.015314,7.32404,7.44335,2,0
0.005482,1.41189,7.42263,2,0
0.001187,0.639554,7.40067,2,0
0.002826,1.14446,7.37961,2,0
0.001808,0.72983,7.37482,2,0
0.002303,0.992165,7.37403,2,0
0.01008,4.06897,7.37078,2,0
-0.004606,-1.92548,7.36492,2,0
0.005245,1.21048,7.34971,2,0
0.000763,0.428901,7.34434,2,0
0.000874,0.668866,7.33428,2,0
0.014896,4.81541,7.32974,2,0
0.007381,4.37015,7.32801,2,0
-0.000423,-0.199059,7.30969,2,0
-0.018308,-7.41432,7.29809,2,0
0.029881,8.54078,7.29731,2,1
0.013588,6.75029,7.28392,2,0
-0.001928,-0.598816,7.2769,2,3
0.011663,2.79226,7.26599,2,0
0.013545,7.49621,7.26294,2,0
0.00222,1.10286,7.23837,2,0
0.002437,0.787806,7.22477,2,0
-0.004887,-1.9117,7.21618,2,3
0.002261,0.915347,7.21538,2,0
0.012786,4.13332,7.21318,2,0
-0.000286,-0.115823,7.21018,2,0
0.009269,3.8748,7.20327,2,0
0.009269,3.8748,7.20205,2,0
5.2e-005,0.0250834,7.18797,2,0
0.001833,1.13655,7.18457,2,0
0.002794,1.19546,7.16723,2,0
-0.012147,-5.2331,7.16426,2,0
0.012681,6.34662,7.15128,2,1
-0.001629,-0.798995,7.14564,2,0
0.003552,0.850391,7.14362,2,0
-0.008473,-3.98731,7.14096,2,0
0.000853,0.272136,7.13883,2,0
0.031032,7.44531,7.12871,2,0
0.009269,3.8748,7.12597,2,0
0.009269,3.8748,7.11973,2,0
0.000613,0.304528,7.09251,2,0
0.007452,1.82462,7.09242,2,2
0.006827,1.75829,7.08109,2,0
-0.002389,-0.963615,7.07702,2,0
0.000193,0.0895132,7.06663,2,0
0.009269,3.8748,7.06405,2,0
-0.003791,-2.06943,7.05334,2,0
0.00296,1.19833,7.03778,2,0
0.001714,0.6947,7.02976,2,3
0.00362,1.30287,7.0274,2,0
0.000682,0.352443,7.01524,2,0
0.000936,0.50594,7.01414,2,0
0.000765,0.327318,7.00933,2,0
0.005278,1.26236,6.98421,2,0
0.012028,2.86866,6.95389,2,0
-0.008473,-3.98731,6.94836,2,0
-0.000271,-0.109042,6.92093,2,0
-0.002768,-1.15713,6.91175,2,0
0.003752,1.51897,6.90768,2,0
0.003634,1.87797,6.89603,2,0
-0.010259,-5.30163,6.89302,2,0
-0.008473,-3.98731,6.88672,2,0
5.9e-005,0.0162588,6.87994,2,3
0.004792,1.6823,6.87616,2,3
-0.00117,-0.692735,6.86405,2,0
0.004769,1.1374,6.86349,2,0
0.003752,1.51897,6.86317,2,0
0.000789,0.371295,6.8293,2,0
0.000714,0.289154,6.82802,2,0
-0.002931,-0.935088,6.81976,2,0
0.013545,7.49621,6.80428,2,0
0.007505,2.45149,6.79235,2,0
-0.000718,-0.403606,6.78395,2,0
0.030099,8.14643,6.76522,2,1
-0.008473,-3.98731,6.76409,2,0
0.003877,1.56957,6.76253,2,0
0.005701,2.58071,6.75977,2,0
0.005347,1.28014,6.75182,2,0
0.009468,2.89301,6.74607,2,1
-0.000314,-0.162194,6.73633,2,0
-0.002774,-1.15964,6.73313,2,0
0.007381,4.37015,6.72493,2,0
0.004676,1.39893,6.71567,2,0
-0.000398,-0.2059,6.70407,2,0
0.002738,1.24743,6.68178,2,0
0.009937,4.15029,6.66089,2,3
0.000587,0.287576,6.65491,2,0
0.001333,0.689611,6.64647,2,0
0.002738,1.24743,6.64545,2,0
0.00275,0.877342,6.63023,2,0
-0.008473,-3.98731,6.62735,2,0
-0.009632,-6.36698,6.62697,2,0
-0.000176,-0.0735747,6.62204,2,0
0.002901,1.17445,6.61577,2,0
0.005889,1.87879,6.6108,2,0
-0.018308,-7.41432,6.60838,2,0
-0.000255,-0.124999,6.58948,2,3
0.001973,0.928473,6.58474,2,0
0.017356,7.00605,6.57881,2,0
0.000956,0.441732,6.57221,2,0
-0.001777,-0.918315,6.56192,2,0
-0.003311,-2.32719,6.55657,2,1
0.001291,0.782039,6.55047,2,0
0.004326,1.75134,6.55046,2,0
-0.015104,-4.88265,6.55023,2,0
0.003153,0.991287,6.5473,2,0
0.000843,0.473871,6.54722,2,0
0.007391,3.08972,6.5403,2,0
0.006051,4.33515,6.53244,2,0
-0.00102,-0.527684,6.5195,2,0
0.01384,6.78827,6.51294,2,0
0.003225,1.34817,6.49477,2,0
0.002763,0.963256,6.46961,2,0
0.003361,1.19415,6.45748,2,3
-0.001967,-1.16462,6.45716,2,0
-0.001076,-0.230199,6.45478,2,0
-0.002833,-1.11609,6.45298,2,0
0.008211,2.56132,6.4484,2,2
-0.008473,-3.98731,6.44097,2,0
0.009269,3.8748,6.43651,2,0
0.000137,0.0554633,6.43339,2,0
0.026274,7.9847,6.42793,2,1
0.004185,2.43475,6.42559,2,0
0.003543,1.23518,6.42065,2,0
0.011452,4.08487,6.40912,2,1
-0.018308,-7.41432,6.40229,2,0
0.002527,0.850977,6.3978,2,0
-8.7e-005,-0.051511,6.39575,2,0
-0.00101,-0.318957,6.38489,2,1
0.000599,0.14272,6.3767,2,0
0.016458,5.23712,6.35461,2,1
-0.000979,-0.460707,6.33683,2,0
0.002216,0.628158,6.33003,2,3
0.004636,2.5657,6.31824,2,0
0.008315,1.91899,6.29131,2,0
0.005594,2.33851,6.28219,2,0
0.003752,1.51897,6.27556,2,0
0.022192,6.78091,6.27026,2,1
0.009269,3.8748,6.25826,2,0
0.005127,2.05469,6.24076,2,0
0.00198,0.638596,6.23707,2,3
-0.000738,-0.440386,6.2305,2,0
-0.003847,-1.22732,6.22578,2,0
-0.001833,-0.923807,6.21583,2,3
0.010541,6.2488,6.1973,2,0
0.005838,3.2219,6.18455,2,1
-0.001743,-0.72864,6.17416,2,0
0.00276,0.936078,6.14477,2,0
0.001128,0.456661,6.13682,2,0
0.00194,0.912944,6.1264,2,0
0.003383,1.75015,6.12327,2,0
-0.006691,-4.05316,6.12171,2,0
0.002331,1.07707,6.12128,2,0
0.010839,2.59241,6.12046,2,0
0.00012,0.048581,6.11157,2,0
0.000276,0.129883,6.11063,2,0
0.004755,1.14084,6.10477,2,0
-0.008473,-3.98731,6.10262,2,0
0.001952,0.790251,6.09766,2,0
0.010659,5.5143,6.09111,2,0
0.002973,1.39906,6.06509,2,0
-0.00038,-0.196285,6.06421,2,0
-0.001746,-0.574036,6.06167,2,1
-0.001542,-0.664315,6.05827,2,0
0.011532,6.45731,6.03207,2,0
0.017615,7.0224,6.01924,2,3
-0.002904,-1.33322,6.01381,2,0
0.022954,5.278,6.01025,2,0
-0.003707,-1.74448,6.00173,2,0
-0.002673,-0.637507,5.997,2,0
0.017803,3.93506,5.99661,2,0
0.001357,0.324882,5.96476,2,0
0.029309,6.82865,5.96362,2,1
0.009269,3.8748,5.96111,2,0
0.003758,1.26552,5.9585,2,0
-0.000919,-0.293192,5.95639,2,0
-0.008473,-3.98731,5.95404,2,0
0.003308,0.707713,5.95246,2,0
0.002919,1.18173,5.92444,2,0
0.0004,0.127613,5.92102,2,0
0.001211,0.678096,5.91377,2,0
-0.015104,-4.88265,5.90543,2,0
0.002659,1.32095,5.89706,2,0
0.000536,0.28803,5.86107,2,0
0.001804,0.71666,5.85772,2,0
0.00137,0.708752,5.85039,2,0
-0.010327,-6.10416,5.83082,2,0
-0.008473,-3.98731,5.82834,2,0
0.002354,1.27242,5.82017,2,0
-0.008473,-3.98731,5.81513,2,0
-0.003024,-1.26415,5.78442,2,0
0.013228,3.10219,5.72364,2,1
-0.005335,-3.42474,5.71011,2,0
0.002173,1.02259,5.70725,2,0
0.007381,4.37015,5.70608,2,0
0.003067,0.616712,5.70301,2,0
-0.000356,-0.138075,5.6932,2,3
0.010195,2.01627,5.68642,2,0
0.000901,0.507586,5.68097,2,3
0.00502,1.05745,5.67399,2,0
0.007089,1.69072,5.66173,2,0
-0.000851,-0.54629,5.63903,2,0
0.003908,2.01957,5.62732,2,0
-0.000793,-0.309464,5.62031,2,3
0.006952,1.66274,5.61694,2,0
0.003122,1.84848,5.61485,2,0
0.000858,0.397182,5.60212,2,3
0.000864,0.511558,5.59967,2,0
0.000724,0.292255,5.57927,2,0
0.006795,1.33961,5.57597,2,0
-0.018308,-7.41432,5.56669,2,0
0.011034,4.75984,5.5616,2,0
0.00147,0.826406,5.53117,2,0
-0.008473,-3.98731,5.51367,2,0
-0.000409,-0.220369,5.51206,2,0
0.005834,1.34146,5.4956,2,0
0.00345,1.08466,5.46262,2,0
0.00416,0.9195,5.46194,2,0
0.004638,1.39587,5.45982,2,3
9.4e-005,0.0657487,5.43863,2,0
-0.001977,-1.11132,5.43726,2,0
0.003295,1.05122,5.41792,2,0
0.017356,7.00605,5.41425,2,0
-0.010259,-5.30163,5.39107,2,0
-0.00159,-0.7085,5.37946,2,0
0.007381,4.37015,5.36323,2,0
-0.008473,-3.98731,5.35232,2,0
0.002027,0.610056,5.34652,2,3
-0.007812,-2.49229,5.33679,2,0
-0.000391,-0.124742,5.32545,2,0
0.016841,7.86599,5.32259,2,0
0.004291,1.34907,5.27296,2,0
-0.008473,-3.98731,5.26737,2,0
0.013144,7.34354,5.25152,2,2
0.009261,2.22193,5.24205,2,0
-0.011246,-5.55957,5.2326,2,0
0.002871,0.86407,5.2266,2,3
-0.018308,-7.41432,5.22116,2,0
0.013588,6.75029,5.20355,2,0
-0.016455,-9.1067,5.16814,2,0
-0.001216,-0.387945,5.16416,2,0
0.007381,4.37015,5.15948,2,0
0.000624,0.369459,5.14823,2,0
0.006706,1.93221,5.14806,2,0
-0.001961,-0.79416,5.14732,2,0
0.00441,1.49569,5.14452,2,0
0.004022,1.04744,5.136,2,3
-0.006066,-1.96095,5.13182,2,0
-0.012644,-5.10397,5.1265,2,0
0.003383,1.75015,5.12051,2,0
0.001863,0.498655,5.10779,2,3
0.012127,2.21917,5.09842,2,0
0.033551,10.1962,5.09432,2,1
0.003855,0.932063,5.07834,2,0
0.004588,1.43117,5.06532,2,2
-0.004204,-2.48493,5.01044,2,0
-0.006691,-4.05316,5.00041,2,0
-0.006691,-4.05316,4.97964,2,0
0.002363,0.507276,4.96652,2,0
0.000976,0.383755,4.95052,2,3
-0.001429,-0.427518,4.93651,2,0
0.00094,0.46078,4.93206,2,3
0.001324,0.783915,4.91198,2,0
0.00673,3.08687,4.91165,2,0
0.004329,1.3811,4.91078,2,0
0.000391,0.249867,4.90618,2,2
0.004343,1.36542,4.90514,2,0
0.012945,2.98754,4.89854,2,0
-0.000642,-0.195754,4.87175,2,0
0.001515,0.783766,4.86958,2,0
0.00085,0.443406,4.86357,2,0
0.003302,1.23233,4.86102,2,3
0.008846,2.10976,4.85965,2,0
0.004816,1.47021,4.85598,2,3
0.004327,1.13484,4.82695,2,3
0.027495,8.14493,4.82695,2,1
-0.014514,-4.50789,4.81808,2,3
-0.015104,-4.88265,4.81701,2,0
0.003683,0.948557,4.79865,2,0
0.004688,3.05643,4.77307,2,0
0.005286,1.68641,4.77202,2,0
-0.001131,-0.441366,4.76209,2,3
-0.000195,-0.115262,4.71704,2,0
0.007381,4.37015,4.70798,2,0
0.007874,1.47742,4.69916,2,0
0.004623,2.14006,4.69319,2,3
-0.01492,-3.29782,4.67626,2,0
-0.007812,-2.49229,4.67502,2,0
0.014896,4.81541,4.66577,2,0
-0.008473,-3.98731,4.65702,2,0
-0.015104,-4.88265,4.65443,2,0
0.006869,1.5989,4.6496,2,0
-0.015104,-4.88265,4.64691,2,0
0.004965,1.48539,4.64691,2,0
0.006295,1.39141,4.64169,2,0
0.021443,7.0476,4.64016,2,3
0.008912,2.02488,4.63282,2,3
0.001703,0.685237,4.60908,2,0
0.000591,0.305746,4.59124,2,0
0.005419,1.59729,4.56944,2,3
-0.001994,-0.530915,4.56282,2,3
0.008279,2.25532,4.56055,2,3
0.002036,1.1824,4.55876,2,0
0.018968,7.6816,4.55232,2,0
-9.8e-005,-0.0382439,4.52073,2,3
-0.008652,-4.61433,4.51157,2,3
0.032033,7.46331,4.49975,2,1
0.001392,0.563728,4.4894,2,0
-0.01038,-7.26034,4.48258,2,0
-0.015244,-8.30319,4.44563,2,1
-0.001703,-0.888377,4.43927,2,0
-0.001169,-0.683277,4.43908,2,0
0.00194,1.26482,4.43688,2,0
0.013545,7.49621,4.43587,2,0
0.004086,0.87716,4.42925,2,0
0.001466,0.955785,4.41264,2,0
0.001115,0.576208,4.4072,2,0
0.016613,7.7595,4.40402,2,0
0.017356,7.00605,4.36912,2,0
0.018798,10.2003,4.36772,2,0
0.013588,6.75029,4.35544,2,0
0.002714,1.40405,4.35387,2,0
0.001484,0.62849,4.31836,2,3
0.030099,8.14643,4.31278,2,1
0.008774,2.02492,4.30724,2,0
-0.001252,-0.647706,4.29988,2,0
0.011502,2.7596,4.29238,2,0
0.002147,0.499159,4.28225,2,3
0.001526,0.535723,4.28136,2,3
0.005911,1.95495,4.27898,2,2
0.002581,1.42764,4.27647,2,1
-0.023713,-6.83245,4.27217,2,0
-0.010327,-6.10416,4.26898,2,0
-0.012644,-5.10397,4.26561,2,0
0.001399,0.56473,4.26264,2,0
-3.1e-005,-0.0133552,4.24563,2,0
0.003383,1.75015,4.22408,2,0
0.006924,1.48132,4.22232,2,0
0.002744,1.51437,4.21665,2,1
-0.013318,-5.01546,4.21514,2,1
0.033551,10.1962,4.20245,2,1
0.010659,5.5143,4.19396,2,0
0.005119,1.02933,4.15609,2,0
-0.001703,-0.888377,4.12667,2,0
-0.002408,-1.24383,4.12193,2,0
0.008139,1.48939,4.11808,2,0
0.004696,0.928729,4.11266,2,0
0.007592,1.50147,4.10718,2,0
0.001862,1.10061,4.09456,2,0
0.000868,0.549075,4.09373,2,0
0.014896,4.81541,4.08276,2,0
0.00799,1.76606,4.08233,2,0
0.004911,1.56677,4.0779,2,0
-0.001676,-0.788708,4.07737,2,0
0.004911,1.56677,4.06184,2,0
0.001949,0.521674,4.0614,2,3
0.008919,1.91468,4.04006,2,0
-0.000125,-0.0538518,4.02614,2,0
0.002715,0.496829,4.0181,2,0
0.007381,4.37015,4.0075,2,0
0.004382,0.911327,3.98665,2,1
0.002449,0.949847,3.98199,2,3
0.016758,4.83258,3.97649,2,1
0.000455,0.10057,3.97158,2,0
0.000221,0.114332,3.95101,2,0
0.010659,5.5143,3.94301,2,0
0.000414,0.155273,3.94224,2,0
-0.000207,-0.0475972,3.94089,2,0
0.007381,4.37015,3.93718,2,0
0.003454,0.919649,3.92223,2,3
0.003549,0.938943,3.92131,2,0
0.000505,0.118431,3.91972,2,1
0.002262,0.751352,3.91324,2,3
0.001901,0.805093,3.90467,2,3
0.00012,0.030906,3.90053,2,0
0.001167,0.355833,3.89032,2,0
-0.003753,-0.898513,3.87856,2,0
-0.012644,-5.10397,3.87739,2,0
0.004032,0.967372,3.86399,2,0
-0.000862,-0.336391,3.86194,2,3
0.002874,0.635251,3.85919,2,0
-0.012219,-2.86556,3.84758,2,1
-0.018308,-7.41432,3.84596,2,0
-0.002087,-0.845187,3.84283,2,0
0.004481,0.937787,3.81094,2,0
0.004744,1.44823,3.7952,2,3
-0.005413,-3.2301,3.79262,2,0
0.008311,1.52086,3.78101,2,0
0.002023,0.789464,3.77023,2,3
0.013188,2.60819,3.76542,2,0
0.003881,2.00779,3.73546,2,0
0.007507,4.26077,3.71845,2,1
-0.007615,-2.60831,3.71447,2,3
0.008823,1.95018,3.70803,2,0
0.000756,0.295025,3.70598,2,3
0.007464,1.36587,3.64893,2,0
0.000286,0.174291,3.62258,2,0
0.00329,0.84734,3.60724,2,0
0.018519,5.54039,3.59093,2,0
0.037781,8.86029,3.59063,2,1
0.009276,1.98451,3.58727,2,0
0.030827,9.36836,3.561,2,1
0.003221,1.11974,3.51583,2,3
0.009723,3.30079,3.51383,2,0
0.003469,0.964757,3.5075,2,3
0.005363,1.42793,3.49841,2,3
0.005382,1.15142,3.46233,2,0
0.010659,5.5143,3.4493,2,0
0.002493,0.966912,3.44732,2,3
-0.002188,-0.853854,3.44306,2,3
0.002178,0.689977,3.43527,2,3
-0.010327,-6.10416,3.43423,2,0
-0.000487,-0.190049,3.42883,2,3
0.023888,9.6081,3.40795,2,1
0.007381,4.37015,3.38263,2,0
0.001215,0.384904,3.3455,2,3
0.005698,1.37766,3.32524,2,0
0.002128,0.836712,3.32384,2,3
0.003383,1.75015,3.31146,2,0
0.008072,1.72468,3.30615,2,1
0.00893,1.76609,3.28365,2,0
-0.001245,-0.735904,3.28319,2,0
0.000452,0.0848102,3.26114,2,0
0.003095,1.25443,3.25225,2,3
0.003775,0.91272,3.20192,2,0
-0.007812,-2.49229,3.17803,2,0
0.000441,0.335187,3.16111,2,0
0.018519,5.54039,3.15917,2,0
0.033015,6.52938,3.15001,2,0
0.001189,0.342877,3.14759,2,1
-0.001654,-0.792092,3.14176,2,3
-0.003872,-2.34122,3.10348,2,2
-0.003753,-0.898513,3.08556,2,0
-0.002179,-1.02541,3.07775,2,0
0.009269,3.8748,3.06972,2,0
0.000793,0.168398,3.0444,2,3
-0.011481,-3.43481,3.0287,2,0
0.002716,0.84249,3.02356,2,3
0.005078,0.90344,3.00592,2,1
0.027552,8.40095,2.97899,2,0
0.009166,2.42501,2.97495,2,0
0.005481,1.02842,2.96973,2,0
-0.011481,-3.43481,2.96806,2,0
-0.003753,-0.898513,2.93229,2,0
0.000222,0.0866342,2.91231,2,3
-0.010327,-6.10416,2.88849,2,0
0.00092,0.22073,2.87803,2,0
-0.003,-1.01845,2.87305,2,0
-0.002596,-1.56968,2.87116,2,2
0.000432,0.256382,2.8597,2,0
0.003752,1.51897,2.84773,2,0
0.014896,4.81541,2.83689,2,0
0.001398,0.826341,2.83059,2,0
-0.0031,-1.33552,2.81389,2,0
0.002606,1.05502,2.80108,2,0
0.008981,1.77057,2.74235,2,0
-0.005827,-2.53542,2.74185,2,3
0.000538,0.161143,2.70878,2,3
0.014981,3.0221,2.67893,2,0
0.014896,4.81541,2.67851,2,0
0.004823,1.32909,2.66166,2,3
0.008313,2.19345,2.65441,2,3
0.009047,2.33006,2.63529,2,0
0.007381,4.37015,2.58512,2,0
0.025737,6.92452,2.58144,2,1
0.007966,1.49469,2.57611,2,0
0.004317,1.31787,2.56264,2,3
-0.003271,-0.964948,2.55498,2,3
0.00217,0.853226,2.54508,2,3
0.004361,0.937387,2.53991,2,0
0.001515,0.699086,2.52594,2,3
0.003997,0.858054,2.52418,2,0
-0.011481,-3.43481,2.52148,2,0
0.022334,5.2377,2.52056,2,1
-0.003723,-1.46385,2.51949,2,3
0.037781,8.86029,2.45492,2,1
0.006227,1.29262,2.41794,2,3
0.007381,4.37015,2.41068,2,0
-0.001184,-0.32701,2.41058,2,0
0.006141,1.15226,2.40778,2,0
0.005963,2.31275,2.39887,2,3
0.003933,1.04054,2.38771,2,0
-0.009229,-4.14744,2.37948,2,3
0.021031,6.46601,2.36355,2,0
-0.016412,-8.1532,2.33278,2,0
-0.011953,-5.37159,2.3257,2,3
0.003923,1.59003,2.31588,2,3
0.008797,1.88849,2.30673,2,0
0.000437,0.258739,2.27616,2,0
0.007089,2.74947,2.24997,2,3
-0.011481,-3.43481,2.24401,2,0
-0.007174,-2.9053,2.23525,2,0
-0.012644,-5.10397,2.20001,2,0
0.00447,0.927894,2.19451,2,3
0.022526,9.66717,2.12864,2,0
-0.00018,-0.0581884,2.08739,2,0
0.003752,1.51897,2.08437,2,0
0.029665,8.7386,2.07777,2,1
0.004273,1.18836,2.04563,2,3
0.003316,1.82012,2.04203,2,2
0.026941,7.93617,2.03318,2,1
0.018519,5.54039,1.94657,2,0
-0.005049,-2.27627,1.94204,2,0
0.007478,1.36843,1.93295,2,0
-0.006065,-4.41826,1.9121,2,1
0.00218,0.850732,1.88797,2,3
0.011901,4.133,1.69093,2,1
0.006172,1.12944,1.67127,2,0
-0.015746,-7.30001,1.65526,2,0
0.007381,4.37015,1.65416,2,0
0.021031,6.46601,1.64226,2,0
0.021692,8.78476,1.64187,2,0
0.000564,0.349033,1.61754,2,1
0.016613,7.7595,1.60312,2,0
-0.004511,-1.37546,1.53962,2,0
0.005083,1.14093,1.53748,2,3
0.002794,0.85294,1.46318,2,3
0.003215,1.057,1.42012,2,1
0.005592,1.77151,1.39985,2,3
-0.007812,-2.49229,1.37627,2,0
0.000349,0.143254,1.37534,2,3
0.006039,1.25593,1.30749,2,1
0.006885,1.35735,1.29164,2,0
0.000926,0.629627,1.28527,2,0
-0.001238,-0.257468,1.24595,2,1
0.001008,0.5563,1.23798,2,1
0.020995,4.48585,1.20799,2,1
0.001563,0.450729,1.1944,2,1
-0.00028,-0.0693073,1.15412,2,3
-0.004964,-1.90745,1.14089,2,3
0.044209,9.19417,1.08209,2,1
-0.018519,-5.51039,1.03941,2,1
-0.009229,-4.14744,0.954473,2,3
0.000855,0.435325,0.827414,2,3
-0.006886,-3.80028,0.784955,2,1
0.002805,0.65782,0.666564,2,1
0.008445,2.239,0.62785,2,3
0.003117,1.43751,0.604238,2,2
-0.001791,-0.902291,0.550438,2,2
-0.000136,-0.0750563,0.53511,2,1
-0.00028,-0.0693073,0.524452,2,3
0.019419,7.57561,0.512147,2,3
0.004684,1.42991,0.502693,2,3
-0.013314,-5.23495,0.341475,2,3
0.003332,1.77705,0.311246,2,1
-0.000181,-0.0443082,-0.100249,2,3
-0.003288,-1.67326,-0.387381,2,3
0.004911,1.56677,1.10605,2,0
0.013545,7.49621,1.09512,2,0
-0.010327,-6.10416,0.940153,2,0
0.022258,4.49007,0.89895,2,0
-0.01172,-7.64107,0.884618,2,0
-0.008886,-7.40757,0.872625,2,0
0.018298,8.27946,0.844348,2,0
-0.006549,-3.90798,0.789709,2,0
0.018519,5.54039,0.777175,2,0
-0.016092,-2.97523,0.715664,2,0
-4.3e-005,-0.0197346,0.704826,2,0
0.000555,0.254714,0.658882,2,0
0.003309,2.15736,0.634539,2,0
-0.017742,-3.57907,0.592405,2,0
-0.006691,-4.05316,0.539727,2,0
0.008572,4.95271,0.483986,2,0
0.019741,10.2017,0.42627,2,0
-0.008473,-3.98731,0.411105,2,0
0.006033,3.65456,0.392503,2,0
0.032188,10.2691,0.265762,2,0
-0.00757,-4.42464,0.208319,2,0
0.002134,1.11321,0.188703,2,0
-0.019919,-6.97594,0.187782,2,0
0.006033,3.65456,0.161453,2,0
0.000817,0.494908,0.16017,2,0
-0.006691,-4.05316,0.148928,2,0
-0.00175,-0.90534,0.096992,2,0
0.014896,4.81541,0.090688,2,0
-0.006691,-4.05316,-0.003166,2,0
-0.000134,-0.101848,-0.012226,2,0
-0.014414,-6.66017,-0.057653,2,0
-0.016744,-8.48636,-0.078359,2,0
-0.008886,-7.40757,-0.08248,2,0
0.018904,8.06083,-0.114059,2,0
-0.016092,-2.97523,-0.121775,2,0
0.015573,8.12372,-0.149325,2,0
0.002032,1.12952,-0.202536,2,0
-0.010409,-6.45433,-0.309341,2,0
0.014781,9.04664,-0.316545,2,0
-0.008086,-3.25248,-0.337164,2,0
0.015028,9.19782,-0.350864,2,0
-0.002338,-0.977373,-0.360578,2,0
-0.011096,-4.73143,-0.424902,2,0
-0.011096,-4.73143,-0.440837,2,0
-0.023005,-5.50221,-0.443948,2,0
0.000702,0.417896,-0.443998,2,0
0.018904,8.06083,-0.453181,2,0
0.018904,8.06083,-0.506499,2,0
0.018904,8.06083,-0.515143,2,0
-0.01355,-6.86754,-0.616223,2,0
-0.020538,-4.91217,-0.620508,2,0
0.018904,8.06083,-0.636996,2,0
0.000574,0.230035,-0.640074,2,0
-0.011096,-4.73143,-0.644743,2,0
0.014981,3.0221,-0.652191,2,0
0.010727,6.19782,-0.659306,2,0
0.018904,8.06083,-0.663846,2,0
-0.008285,-3.75554,-0.71026,2,0
0.003899,1.03154,-0.713418,2,0
0.018904,8.06083,-0.734826,2,0
0.001068,0.635774,-0.742291,2,0
0.018904,8.06083,-0.753864,2,0
-0.009389,-6.81512,-0.771725,2,0
0.018904,8.06083,-0.781977,2,0
0.013588,6.75029,-0.788807,2,0
-0.009375,-5.31488,-0.811841,2,0
0.026274,7.9847,-0.631416,2,1
-0.009371,-4.79317,-0.934342,2,1
0.002496,1.03989,-1.2566,2,1
-0.00038,-0.196285,-0.824338,2,0
0.025024,10.5487,-0.829486,2,0
-0.006691,-4.05316,-0.834458,2,0
-0.011096,-4.73143,-0.844774,2,0
-0.00133,-0.681047,-0.850547,2,0
-0.016606,-4.015,-0.877133,2,0
-0.004959,-2.15218,-0.901418,2,0
0.014418,4.40284,-0.911028,2,0
-0.004139,-1.95219,-0.934295,2,0
-0.008135,-2.82415,-0.698123,2,2
-0.010338,-5.21857,-0.945573,2,0
0.018904,8.06083,-0.948563,2,0
0.018904,8.06083,-0.959743,2,0
-0.009696,-7.03796,-0.966184,2,0
0.008804,2.96478,-0.969357,2,0
0.026426,5.71843,-1.00024,2,0
-0.004959,-2.15218,-1.01536,2,0
0.018904,8.06083,-1.03223,2,0
-0.032794,-7.86379,-1.03345,2,0
0.022789,9.01694,-1.03641,2,0
0.018904,8.06083,-1.04255,2,0
0.022526,9.66717,-1.05295,2,0
0.018904,8.06083,-1.05832,2,0
-0.00133,-0.681047,-1.07557,2,0
-0.004959,-2.15218,-1.09024,2,0
-0.002784,-0.881954,-0.552709,2,3
0.012832,10.5563,-1.12749,2,0
-0.011703,-5.90761,-1.13956,2,0
-0.012309,-4.61656,-1.15017,2,0
-0.027558,-6.19406,-1.15385,2,0
0.003358,1.95586,-1.15399,2,0
0.018904,8.06083,-1.16827,2,0
-0.008086,-3.25248,-1.17784,2,0
-0.000613,-0.234928,-1.1886,2,0
-0.016455,-9.1067,-1.18953,2,0
-0.019942,-4.13873,-1.2066,2,0
0.000532,0.372872,-1.21151,2,0
-0.00133,-0.681047,-1.21195,2,0
-0.018027,-6.30228,-1.22259,2,0
0.013309,8.67704,-1.25214,2,0
-0.009567,-6.94432,-1.28808,2,0
-0.009625,-4.36295,-1.29212,2,0
-0.011096,-4.73143,-1.29444,2,0
0.011022,4.98722,-1.30842,2,0
-0.000613,-0.234928,-1.30985,2,0
0.010108,5.98475,-1.32681,2,0
0.003516,0.81744,-1.0184,2,3
-0.000655,-0.224274,-1.36136,2,3
0.026426,5.71843,-1.33712,2,0
-0.01788,-5.10446,-1.33791,2,0
0.00915,1.98001,-1.34607,2,0
-0.014463,-8.0889,-1.35525,2,0
0.006284,3.4025,-1.35885,2,0
-0.008086,-3.25248,-1.35938,2,0
-0.009161,-5.12359,-1.3775,2,0
-0.010096,-7.47477,-1.37911,2,0
-0.012919,-7.22537,-1.38444,2,0
0.005504,2.92615,-1.39341,2,0
-0.023627,-7.67758,-1.39772,2,0
0.024888,10.608,-1.39778,2,0
0.002227,1.00401,-1.40257,2,0
0.007423,3.58066,-1.42393,2,0
0.010541,6.2488,-1.43538,2,0
0.023703,5.12919,-1.45984,2,0
-0.013,-5.19564,-1.46669,2,0
0.009377,3.60903,-1.46894,2,0
0.018607,9.97172,-1.4739,2,0
-0.011096,-4.73143,-1.48858,2,0
-0.010654,-2.81868,-1.49088,2,0
-0.001236,-0.682889,-0.994253,2,2
-0.00245,-1.2956,-1.17448,2,2
-0.015411,-5.35009,-1.21478,2,2
0.000239,0.0755014,-1.21659,2,2
-0.006961,-4.03788,-1.25311,2,2
-0.011351,-5.7765,-1.47944,2,3
0.007321,2.49389,-1.01275,2,3
0.01845,4.57368,-1.13271,2,3
